{
  "t=0.001": {
    "success_rate": 0.30600000000000005,
    "success_rate_std": 0.031368774282716234,
    "success_rate_ci95": [
      0.266,
      0.346
    ],
    "collision_rate": 0.694,
    "mean_spl": 0.3058211530574523,
    "mean_uncertainty": 0.48492614892349084,
    "cautious_ratio": 1.0,
    "n_episodes": 500
  },
  "t=0.005": {
    "success_rate": 0.382,
    "success_rate_std": 0.04664761515876241,
    "success_rate_ci95": [
      0.338,
      0.424
    ],
    "collision_rate": 0.618,
    "mean_spl": 0.38195383279227074,
    "mean_uncertainty": 0.4699503436816757,
    "cautious_ratio": 1.0,
    "n_episodes": 500
  },
  "t=0.01": {
    "success_rate": 0.33799999999999997,
    "success_rate_std": 0.052687759489277966,
    "success_rate_ci95": [
      0.298,
      0.378
    ],
    "collision_rate": 0.662,
    "mean_spl": 0.3378175988755411,
    "mean_uncertainty": 0.4809385198827904,
    "cautious_ratio": 1.0,
    "n_episodes": 500
  },
  "t=0.05": {
    "success_rate": 0.35200000000000004,
    "success_rate_std": 0.03655133376499414,
    "success_rate_ci95": [
      0.31,
      0.394
    ],
    "collision_rate": 0.648,
    "mean_spl": 0.35185472296923126,
    "mean_uncertainty": 0.477739276346823,
    "cautious_ratio": 0.9999514857761286,
    "n_episodes": 500
  },
  "t=0.1": {
    "success_rate": 0.36800000000000005,
    "success_rate_std": 0.013266499161421611,
    "success_rate_ci95": [
      0.328,
      0.41
    ],
    "collision_rate": 0.632,
    "mean_spl": 0.3677912133164159,
    "mean_uncertainty": 0.4734625793259472,
    "cautious_ratio": 0.9994263648824901,
    "n_episodes": 500
  },
  "t=0.5": {
    "success_rate": 0.366,
    "success_rate_std": 0.0553534100123922,
    "success_rate_ci95": [
      0.326,
      0.41
    ],
    "collision_rate": 0.634,
    "mean_spl": 0.3659798380688426,
    "mean_uncertainty": 0.4605230272142895,
    "cautious_ratio": 0.8164614994524156,
    "n_episodes": 500
  },
  "t=1.0": {
    "success_rate": 0.344,
    "success_rate_std": 0.031368774282716255,
    "success_rate_ci95": [
      0.302,
      0.386
    ],
    "collision_rate": 0.656,
    "mean_spl": 0.3439897034652618,
    "mean_uncertainty": 0.46691882798993456,
    "cautious_ratio": 0.5304340731868253,
    "n_episodes": 500
  }
}