{
  "ensemble_5": {
    "success_rate": 0.366,
    "success_rate_std": 0.0553534100123922,
    "success_rate_ci95": [
      0.326,
      0.41
    ],
    "collision_rate": 0.634,
    "mean_spl": 0.3659798380688426,
    "mean_uncertainty": 0.4605230272142895,
    "cautious_ratio": 0.8164614994524156,
    "n_episodes": 500
  },
  "large_mlp": {
    "success_rate": 0.326,
    "success_rate_std": 0.045869379764718846,
    "success_rate_ci95": [
      0.284,
      0.368
    ],
    "collision_rate": 0.674,
    "mean_spl": 0.3179270379294413,
    "mean_uncertainty": 0.0,
    "cautious_ratio": 0.0,
    "n_episodes": 500
  },
  "mann_whitney_p_value": 0.18393136465044002
}