{
  "mc_dropout_T20": {
    "auroc": 0.9674666666666666,
    "ci_lo": 0.9454300238613964,
    "ci_hi": 0.9865170963218639,
    "mean": 0.9678662060099877
  },
  "ensemble": {
    "auroc": 0.7214827385055949,
    "ci_lo": 0.6781743296035071,
    "ci_hi": 0.764179104477612,
    "mean": 0.7219330594010812
  }
}