{
  "policy": "ensemble",
  "env": "C",
  "n_episodes": 200,
  "n_seeds": 5,
  "mc_samples": null,
  "success_rate": 0.86,
  "success_rate_std": 0.046368092477478536,
  "collision_rate": 0.13999999999999999,
  "collision_rate_std": 0.04636809247747852,
  "timeout_rate": 0.0,
  "timeout_rate_std": 0.0,
  "mean_spl": 0.86,
  "mean_spl_std": 0.046368092477478536,
  "mean_reward": 80.68858005857295,
  "mean_path_length": 4.043877314021605,
  "mean_steps": 157.51,
  "mean_uncertainty": 0.26051725046558755,
  "std_uncertainty": 0.305697031802832,
  "mean_cautious_ratio": 0.5724758304129801,
  "uncertainty_success_correlation": -0.6066704219384603,
  "uncertainty_calibration": {
    "q0_sr": 1.0,
    "q0_cr": 0.0,
    "q0_timeout": 0.0,
    "q0_mean_unc": 0.1462370537131112,
    "q0_n": 50,
    "q1_sr": 0.98,
    "q1_cr": 0.02,
    "q1_timeout": 0.0,
    "q1_mean_unc": 0.2045299789368088,
    "q1_n": 50,
    "q2_sr": 0.9,
    "q2_cr": 0.1,
    "q2_timeout": 0.0,
    "q2_mean_unc": 0.26303231133866445,
    "q2_n": 50,
    "q3_sr": 0.56,
    "q3_cr": 0.44,
    "q3_timeout": 0.0,
    "q3_mean_unc": 0.4282696578737658,
    "q3_n": 50
  },
  "per_episode_uncertainty": [
    0.1796692584298159,
    0.17215705354502248,
    0.32246043538446906,
    0.26884824851624284,
    0.189469810841339,
    0.34423273834197415,
    0.23194706010999103,
    0.23459988870950932,
    0.20782959924443908,
    0.2814979783477301,
    0.29596427126354213,
    0.2926998425964956,
    0.22931445431843234,
    0.27891795835429173,
    0.3906002518231586,
    0.2552447130019489,
    0.23493444038867262,
    0.25344482694680875,
    0.4681408221735374,
    0.21164420962004976,
    0.24577359002067414,
    0.43149117198659154,
    0.5354040922487483,
    0.18058773476098264,
    0.34088221031058696,
    0.27229165888645435,
    0.24381271091029333,
    0.2106438596437617,
    0.26065897654801135,
    0.15301298111921452,
    0.17960182153322596,
    0.21436449106303487,
    0.16561087191607174,
    0.1366153983650981,
    0.20852219687862547,
    0.22284284421903455,
    0.24331681181987128,
    0.17658290494806492,
    0.13950145041736045,
    0.20887398618835074,
    0.3427327969300795,
    0.25462536588311196,
    0.2032803094989022,
    0.373796005024394,
    0.17339529580042767,
    0.35351533992087236,
    0.3804162347122379,
    0.14563239535829364,
    0.6894219234171841,
    0.2577173860791402,
    0.1205057142008292,
    0.16739611179267955,
    0.25452647204489987,
    0.14788983164015662,
    0.2710839933204341,
    0.2254082984649218,
    0.7646277834509694,
    0.12441402014631492,
    0.3817608637424807,
    0.7646501319062325,
    0.3763450699583661,
    0.1849909407881702,
    0.2055060451521593,
    1.2463504716076634,
    0.19860549308778194,
    0.332316252815186,
    0.3888791117530603,
    0.30184084116626764,
    0.23023521155118942,
    0.1688482031226158,
    0.26975109606153436,
    0.20344842692731685,
    0.1583006219117421,
    0.14653231397077635,
    0.12314859998502559,
    0.24183273951833448,
    0.27788957006210446,
    0.13085603217283884,
    0.32107587768604945,
    0.27762369445779106,
    0.16181743174861624,
    0.22031878145492595,
    0.17615050006895625,
    0.17607322481812024,
    0.48228274722744646,
    0.18381870183543567,
    0.1995033518127773,
    0.2822674199469856,
    0.2722389349639416,
    0.16175407097414807,
    0.2407526011870365,
    0.22558111240956144,
    0.1656860832012061,
    0.2822747122399606,
    0.3204479474082308,
    0.16892610178268574,
    0.20938499387635653,
    0.1966111802496016,
    0.10759103523437367,
    0.3105237588635646,
    0.2899336910037243,
    0.1637554147387322,
    0.1573952160337392,
    0.3046862547572866,
    0.2432075105394636,
    0.10089851851490411,
    0.19846088854929075,
    0.6288666549709535,
    0.09589836448431015,
    0.24535029830662072,
    0.17531246309344833,
    0.1417075682619064,
    0.25600697542980033,
    0.3221196049263123,
    0.20757290444471552,
    0.29654326518066226,
    0.5034245890106114,
    0.15972380013474355,
    0.16390554005704303,
    0.22248569375369698,
    0.14338006832266367,
    0.37716458618108717,
    0.12067712960143884,
    0.27542186540208363,
    0.12171466869497022,
    0.43297497417939745,
    0.10587956525128463,
    0.20842719033032983,
    0.2192532696356677,
    0.1410393016576244,
    0.1553327264264226,
    0.2802316217151071,
    0.23680419455736113,
    0.2666047015650706,
    0.1734243601657986,
    0.20210272082212297,
    0.20065714796639492,
    0.23275301285733388,
    0.17276444434579732,
    0.1972322669767198,
    0.27113265332616404,
    0.35318046539194053,
    0.1107612545420597,
    0.23122329984022225,
    0.22069978545856686,
    0.30474961262294337,
    0.1449238327461914,
    0.32203014303468963,
    0.3159084868303595,
    0.26872853161233246,
    0.2676609729727109,
    0.14367747613962026,
    0.19747322128669728,
    0.27611212012799163,
    0.1870079957693815,
    0.16890759665208557,
    0.3267564854527615,
    0.2305438610676088,
    0.48433163529261947,
    0.23267673413322223,
    0.25217757244472916,
    0.17854287722087525,
    0.1618341749174846,
    0.356097409952628,
    0.1577946955610992,
    0.32037567332836575,
    0.15428679199714965,
    0.44398549009453164,
    0.21694146868104885,
    0.27364349018397005,
    1.2200310062139461,
    0.10206393391958304,
    0.31790188908576966,
    0.265036722342923,
    0.19121796266900168,
    0.16587154340802454,
    0.28597739649315673,
    0.3682964768048395,
    0.4168109085523721,
    0.2443794960604061,
    0.22335070304853735,
    0.31904058752483444,
    0.32708723600602374,
    0.17117764298073065,
    0.2210813281317688,
    0.1515274144995671,
    0.15575831298663365,
    0.2423809343279698,
    0.31504520669479275,
    0.2567374620346292,
    0.2611134095468383,
    0.13138130523264407,
    0.15985452600135774,
    0.3491761367768049,
    0.33927600538501373,
    0.34918221824157697,
    0.26214601607325505,
    0.25694175075309783,
    0.14836823914025055,
    0.3307882765164742
  ],
  "per_episode_success": [
    1,
    1,
    0,
    1,
    1,
    1,
    1,
    1,
    1,
    0,
    1,
    1,
    0,
    0,
    0,
    1,
    1,
    1,
    1,
    1,
    1,
    0,
    0,
    1,
    1,
    1,
    1,
    1,
    1,
    1,
    1,
    1,
    1,
    1,
    1,
    1,
    1,
    1,
    1,
    1,
    1,
    1,
    1,
    1,
    1,
    0,
    0,
    1,
    0,
    1,
    1,
    1,
    1,
    1,
    1,
    1,
    0,
    1,
    0,
    0,
    1,
    1,
    1,
    0,
    1,
    1,
    0,
    1,
    1,
    1,
    1,
    1,
    1,
    1,
    1,
    1,
    1,
    1,
    1,
    1,
    1,
    1,
    1,
    1,
    0,
    1,
    1,
    1,
    1,
    1,
    1,
    1,
    1,
    1,
    1,
    1,
    1,
    1,
    1,
    1,
    1,
    1,
    1,
    1,
    0,
    1,
    1,
    0,
    1,
    1,
    1,
    1,
    1,
    1,
    1,
    1,
    0,
    1,
    1,
    1,
    1,
    0,
    1,
    1,
    1,
    0,
    1,
    1,
    1,
    1,
    1,
    1,
    1,
    1,
    1,
    1,
    1,
    1,
    1,
    1,
    1,
    1,
    1,
    1,
    1,
    1,
    1,
    1,
    1,
    1,
    1,
    1,
    1,
    0,
    1,
    1,
    1,
    1,
    1,
    1,
    1,
    1,
    1,
    0,
    1,
    1,
    1,
    0,
    1,
    0,
    0,
    1,
    0,
    1,
    1,
    1,
    1,
    1,
    0,
    1,
    1,
    1,
    1,
    1,
    1,
    1,
    1,
    1,
    1,
    1,
    1,
    1,
    1,
    1,
    1,
    1,
    1,
    1,
    1,
    1
  ],
  "auroc_failure": 0.9254568106312293,
  "ece": 0.15428378081647284,
  "routing_table": [
    {
      "strategy": "No routing (all autonomous)",
      "autonomous_frac": 1.0,
      "autonomous_sr": 0.86,
      "human_burden": 0.0
    },
    {
      "strategy": "Route Q3 to human",
      "autonomous_frac": 0.75,
      "autonomous_sr": 0.96,
      "human_burden": 0.25
    },
    {
      "strategy": "Route Q2+Q3 to human",
      "autonomous_frac": 0.5,