{
  "policy": "ensemble",
  "env": "D",
  "n_episodes": 200,
  "n_seeds": 5,
  "mc_samples": null,
  "success_rate": 0.37,
  "success_rate_std": 0.08426149773176358,
  "collision_rate": 0.47000000000000003,
  "collision_rate_std": 0.04847679857416329,
  "timeout_rate": 0.16,
  "timeout_rate_std": 0.04636809247747852,
  "mean_spl": 0.3650230580348075,
  "mean_spl_std": 0.08331589798278469,
  "mean_reward": 23.92932994885811,
  "mean_path_length": 3.80184731255083,
  "mean_steps": 229.61,
  "mean_uncertainty": 0.7110056326786307,
  "std_uncertainty": 0.3539020221328545,
  "mean_cautious_ratio": 0.8675268775211525,
  "uncertainty_success_correlation": -0.5729830895426119,
  "uncertainty_calibration": {
    "q0_sr": 0.76,
    "q0_cr": 0.24,
    "q0_timeout": 0.0,
    "q0_mean_unc": 0.24525736099784623,
    "q0_n": 50,
    "q1_sr": 0.6,
    "q1_cr": 0.4,
    "q1_timeout": 0.0,
    "q1_mean_unc": 0.4291048884070448,
    "q1_n": 50,
    "q2_sr": 0.12,
    "q2_cr": 0.74,
    "q2_timeout": 0.14,
    "q2_mean_unc": 0.772980416701099,
    "q2_n": 50,
    "q3_sr": 0.0,
    "q3_cr": 0.5,
    "q3_timeout": 0.5,
    "q3_mean_unc": 1.3966798646085328,
    "q3_n": 50
  },
  "per_episode_uncertainty": [
    0.40793155754998894,
    0.36033328748241283,
    0.4687593446588823,
    1.330136090517044,
    0.2164626345625074,
    0.698005750549562,
    0.9119142344035208,
    0.18259824922667492,
    0.7197966919685915,
    0.9466919215233834,
    0.9159943241822092,
    0.4681763420295384,
    0.6554396933171808,
    1.2029578685760498,
    0.3009779398069457,
    1.00420282019842,
    1.1937381491941563,
    2.5309207439422607,
    1.946746826171875,
    0.28880152629095723,
    0.42079053241379405,
    0.4299547538493085,
    0.2111156522456942,
    0.2739516856995496,
    0.40725147923364996,
    1.3905921288828056,
    0.9230435239089032,
    1.6473503651097416,
    0.5458021208880439,
    0.37513180038867855,
    1.6405133407811323,
    0.251208558678627,
    1.2948886579523484,
    0.28997225752648187,
    1.1285191625356674,
    1.1139958102504413,
    1.2663578987121582,
    0.4308430447513834,
    0.9778796530097996,
    0.23741292738122866,
    0.4785681605210592,
    1.4337637424468994,
    0.8072242232375457,
    0.37338538977783176,
    0.276453223861294,
    0.7088482030786765,
    1.941079020500183,
    0.461589473283897,
    0.4679797102916774,
    0.5362987124419712,
    0.28245011851527635,
    0.7044100870904715,
    0.8755755299016049,
    1.3766443710029126,
    1.3981825316697358,
    0.2159189005977795,
    1.1191833112947642,
    0.5906609369783985,
    0.32692084359851753,
    0.25396703640526197,
    0.19564992165217152,
    0.4196287579070299,
    0.2152419364248032,
    0.6488052518572658,
    0.40915371612388285,
    0.2678189721806505,
    0.8997469704066005,
    0.8301860461837816,
    0.7613270061797109,
    2.124272346496582,
    0.3145562362026524,
    0.25228894887299375,
    0.24298873618871225,
    2.379782199859619,
    1.0260745915273826,
    0.23214251348877898,
    1.0056235164031386,
    1.6499227285385132,
    1.0226335100581248,
    1.1102232479927492,
    1.0910321030538406,
    0.22809231297837362,
    0.6040746576183444,
    0.9457540063932538,
    1.233595359660685,
    0.4356474758509327,
    0.7334250120959654,
    0.31274987891316414,
    1.3202800100048384,
    0.3211936967455129,
    0.2759988331804574,
    1.2976641725252072,
    0.6480401598362842,
    0.19820714363503078,
    0.36684845862982346,
    0.36997413174203125,
    0.4692477056106856,
    0.6788124639148775,
    1.0937670572304432,
    0.3052273398214901,
    1.176069666570859,
    0.46160945881401066,
    0.4407773975342993,
    0.20155232763290407,
    0.9531190005215732,
    0.5367974338000235,
    1.6015624580532313,
    0.4280335476748573,
    0.5221514134611214,
    0.6153979847432239,
    0.2408692073225975,
    1.2641180540372927,
    0.376882763972523,
    0.3482828766453205,
    1.3479887413978577,
    0.3257895503938198,
    1.3879508047522802,
    0.39643050164661625,
    0.5594976663108795,
    2.1133266654610634,
    1.4435968399047852,
    0.44330648332834244,
    0.12418579039794783,
    0.8205991833330059,
    1.029912387808928,
    0.41941655205713735,
    0.3010613241513665,
    0.5219170855533364,
    0.34465614797400057,
    0.5995570150600082,
    0.6478467583656311,
    0.156535920273784,
    1.05490795870622,
    0.3434113079497406,
    0.6058593695873723,
    0.5401414897052511,
    0.20510098407494612,
    0.6706060777741967,
    0.23630267181606204,
    0.48788436589872136,
    1.4714275750890373,
    0.3173981139317472,
    0.3661260421008424,
    1.1739396223301688,
    0.7566642761230469,
    1.103662198918561,
    0.46709550900863167,
    0.1521583285795737,
    0.32181056190018703,
    0.6731540461092494,
    1.3938303025563559,
    0.7277501005821162,
    1.3434145493308702,
    1.1176175732037117,
    1.0688571963045332,
    0.9540432056442636,
    1.3936924402415753,
    0.2920271985461576,
    0.361542392363198,
    0.5193883009922149,
    0.5077400990476498,
    0.3761794268078095,
    0.3959483181976754,
    0.36159015773930625,
    1.072645842884631,
    0.3609628879492826,
    0.5254872819702876,
    0.5437636442482472,
    0.39555566102339357,
    0.18936977324741228,
    0.7939568808785191,
    1.2104650843305653,
    0.716847893107554,
    1.4821414361369907,
    0.12521970955034098,
    0.5124598517889778,
    0.5685640140562445,
    0.3072082160010201,
    0.4589073366419013,
    1.4759539408485094,
    0.21002208842681006,
    0.24083706817309844,
    0.3600215595905428,
    1.5495419104894002,
    0.2500923558459347,
    0.9756388664245605,
    0.36210599193498805,
    0.21209082900457185,
    0.12668733409883684,
    0.9735916584854325,
    0.20500103354956326,
    1.1183862049150242,
    0.7009503139861833,
    1.0417562691140767,
    0.49508243234702415,
    0.2965453692631405,
    1.1710306499463816,
    0.6743778191351643,
    0.7571882763532577,
    0.25463426902890207
  ],
  "per_episode_success": [
    1,
    1,
    1,
    0,
    1,
    1,
    0,
    1,
    0,
    1,
    0,
    0,
    0,
    0,
    1,
    0,
    0,
    0,
    0,
    1,
    0,
    0,
    0,
    0,
    1,
    0,
    0,
    0,
    0,
    0,
    0,
    0,
    0,
    1,
    0,
    0,
    0,
    0,
    0,
    0,
    1,
    0,
    0,
    0,
    1,
    0,
    0,
    1,
    0,
    1,
    1,
    1,
    0,
    0,
    0,
    1,
    0,
    0,
    0,
    1,
    1,
    0,
    1,
    0,
    1,
    1,
    0,
    0,
    0,
    0,
    0,
    1,
    1,
    0,
    0,
    0,
    0,
    0,
    0,
    0,
    0,
    1,
    0,
    0,
    0,
    1,
    0,
    0,
    0,
    1,
    1,
    0,
    0,
    1,
    1,
    1,
    1,
    1,
    0,
    1,
    0,
    1,
    1,
    1,
    0,
    0,
    0,
    0,
    0,
    0,
    1,
    0,
    0,
    1,
    0,
    0,
    0,
    0,
    0,
    0,
    0,
    0,
    1,
    0,
    0,
    0,
    1,
    1,
    1,
    0,
    0,
    1,
    0,
    1,
    0,
    0,
    1,
    0,
    1,
    1,
    0,
    1,
    1,
    0,
    0,
    0,
    0,
    0,
    0,
    0,
    0,
    0,
    0,
    0,
    0,
    0,
    0,
    1,
    0,
    1,
    0,
    0,
    1,
    1,
    0,
    1,
    0,
    0,
    1,
    1,
    0,
    0,
    0,
    0,
    1,
    1,
    0,
    1,
    1,
    0,
    1,
    1,
    1,
    0,
    1,
    0,
    1,
    1,
    1,
    0,
    1,
    0,
    1,
    0,
    1,
    1,
    0,
    1,
    0,
    0
  ],
  "auroc_failure": 0.8862076362076362,
  "ece": 0.3490723448882622,
  "routing_table": [
    {
      "strategy": "No routing (all autonomous)",
      "autonomous_frac": 1.0,
      "autonomous_sr": 0.37,
      "human_burden": 0.0
    },
    {
      "strategy": "Route Q3 to human",
      "autonomous_frac": 0.75,
      "autonomous_sr": 0.49333333333333335,
      "human_burden": 0.25
    },
    {
      "strategy": "Route Q2+Q3 to human",
      "autonomous_frac": 0.5,
      "autonomous_sr": 0.68,