{
  "policy": "ensemble",
  "env": "B",
  "n_episodes": 500,
  "n_seeds": 5,
  "mc_samples": null,
  "success_rate": 0.346,
  "success_rate_std": 0.02870540018881465,
  "collision_rate": 0.646,
  "collision_rate_std": 0.025768197453450273,
  "timeout_rate": 0.008,
  "timeout_rate_std": 0.0074833147735478825,
  "mean_spl": 0.34439676743771785,
  "mean_spl_std": 0.02883484646341831,
  "mean_reward": 23.83902342106445,
  "mean_path_length": 3.5465039436144608,
  "mean_steps": 150.222,
  "mean_uncertainty": 0.9739253446009277,
  "std_uncertainty": 0.489658602737296,
  "mean_cautious_ratio": 1.0,
  "uncertainty_success_correlation": -0.3499482816697963,
  "uncertainty_calibration": {
    "q0_sr": 0.528,
    "q0_cr": 0.472,
    "q0_timeout": 0.0,
    "q0_mean_unc": 0.5739955833054164,
    "q0_n": 125,
    "q1_sr": 0.472,
    "q1_cr": 0.528,
    "q1_timeout": 0.0,
    "q1_mean_unc": 0.7521616057000826,
    "q1_n": 125,
    "q2_sr": 0.328,
    "q2_cr": 0.672,
    "q2_timeout": 0.0,
    "q2_mean_unc": 0.9605243827611176,
    "q2_n": 125,
    "q3_sr": 0.056,
    "q3_cr": 0.912,
    "q3_timeout": 0.032,
    "q3_mean_unc": 1.6090198066370942,
    "q3_n": 125
  },
  "per_episode_uncertainty": [
    0.9717380056014427,
    0.5697178128340565,
    2.6792030334472656,
    0.8368954000059878,
    0.6220756875541943,
    1.1753314359476101,
    0.9801801830049484,
    1.4448107530673344,
    1.784280232020787,
    2.9975483417510986,
    1.3364804921050866,
    0.6164240209294147,
    0.6910488988977179,
    0.5941823121460005,
    1.5654312226618008,
    0.9445843092945158,
    0.8134090107679367,
    0.8990830344538535,
    1.096086673500124,
    0.7649045499516468,
    1.3230554681981919,
    0.7392956152972248,
    0.6379228033014198,
    0.7065382832937902,
    0.8712312877178192,
    0.9158042721360563,
    1.03229572711622,
    1.6575241923332213,
    0.7517193343663058,
    1.303946212436376,
    0.8351231095564626,
    0.6535592689006416,
    2.1542438595669524,
    0.6844941288866895,
    0.9890371128802992,
    0.8907613495121831,
    1.5750419995219438,
    0.7550348471682351,
    0.6915393079817295,
    1.054731527052888,
    0.6320477316574175,
    1.6025593280792236,
    0.7072181035226314,
    0.7833299125943866,
    0.6537161590023475,
    0.7595813034356318,
    1.0645449329645207,
    0.9860913821879556,
    0.6936693135897318,
    0.8270893790454508,
    0.6759723398040552,
    0.9025847466869487,
    0.7578114056338866,
    0.9744500026587517,
    0.8536659840231614,
    0.8110376784838543,
    1.1540826665766446,
    0.6454769015545025,
    0.5110809311794875,
    0.6510553105605696,
    1.2907697240666194,
    0.76912667312208,
    2.077756935044339,
    0.5265947552912075,
    0.8341129659449013,
    1.0099520507903226,
    0.5272720832163127,
    0.47397875785827637,
    0.43484541633549856,
    1.1938870283109801,
    0.4129449085009341,
    0.9289251840895131,
    0.45837005972862244,
    0.8088169688858637,
    1.9807803521906664,
    0.8731847048919892,
    0.8769651374431572,
    1.296707151288336,
    1.3986247389963486,
    1.1904956390933386,
    0.6147720362200881,
    0.7090768915338393,
    0.7003685029653403,
    0.44846755455077536,
    0.8175743755383708,
    0.8367647028540912,
    0.7351054049673534,
    0.9750356420322701,
    0.6154568608700306,
    1.2744082133226757,
    0.7606308933185495,
    0.5172267974424762,
    0.8798089369322902,
    0.7385600773911727,
    0.4263295443537079,
    1.2328156878005017,
    1.0741175435671286,
    2.5040960013866425,
    1.191674871444702,
    1.0323452156214488,
    1.075364601612091,
    0.5988815088163723,
    1.0625275576518753,
    0.6451507935398504,
    0.7245555255864118,
    0.5351179769474589,
    0.9642760988295548,
    0.7396016106974307,
    0.8345225638634449,
    0.6899583041667938,
    1.822289109925429,
    0.8058928474783897,
    0.5233045576321294,
    0.8137133269502013,
    0.5231082101446994,
    0.9447725392060309,
    1.3553801634790081,
    0.8260093303221576,
    0.856822712203631,
    1.0034838588464827,
    0.5477070622927659,
    0.9228188960980146,
    0.5353150649355092,
    1.11806846606104,
    2.8942315578460693,
    0.4865729228371666,
    0.9244815955325117,
    1.0282939832944136,
    0.8813088760357495,
    0.8900788919283793,
    1.4285161886163937,
    0.8489279948222409,
    1.807067660888036,
    0.5656400144874275,
    2.4020888805389404,
    1.7214507316389391,
    1.3957167031200788,
    1.4408022582530975,
    2.654402256011963,
    0.9902032976908399,
    2.7389090061187744,
    0.8090153400387082,
    0.8362217284739017,
    0.6027565425277776,
    0.7385925065588068,
    0.6368705919333573,
    0.829121470451355,
    0.5227863289013938,
    0.591392473257505,
    0.8149083489957063,
    0.5119233313253371,
    0.9310153424739838,
    0.5390942919033545,
    1.096220388189777,
    1.5195846371836477,
    0.6482694611737603,
    1.0988931491457183,
    0.6939210958150496,
    0.7391951832042378,
    0.7261243370106512,
    1.9865782284736633,
    0.6101243857181433,
    1.573758840560913,
    0.6284960097557789,
    1.25300579179417,
    1.332670933413274,
    0.801373299193267,
    0.7906166152241304,
    0.9367410334256979,
    1.037396319549192,
    1.5890408871252892,
    2.791035771369934,
    0.7147452235221863,
    0.9179917478815038,
    0.6178490294926409,
    0.6432201229689414,
    0.96940105775399,
    0.7601315198609462,
    1.2173693590694004,
    1.0841720845550298,
    0.9280407459962936,
    0.8734037794850089,
    0.7621216357395213,
    0.6963454158306122,
    0.7329563371792525,
    2.8941009044647217,
    0.812433774707218,
    0.5214288245131086,
    0.8397242852935085,
    0.5029635429382324,
    0.89217245322795,
    0.7462501694326815,
    1.0840537133521604,
    0.5467902635113667,
    0.5809595440208477,
    1.7403608025996002,
    1.1072640986078315,
    0.8922085431636189,
    1.2496270254034128,
    0.6063510617505201,
    1.8659891477723916,
    0.8650441975206942,
    0.8664256478133409,
    1.5729257326859694,
    0.8995993270956236,
    1.4432907158678228,
    0.7281709064298602,
    0.7595884807182081,
    0.9132265563132942,
    0.4021419994533062,
    0.6600103288888931,
    1.0670635194207232,
    1.1960046410995677,
    0.5271655664853523,
    0.8552182096022146,
    0.596413931980425,
    1.5351170927286149,
    0.9986407787019757,
    0.6549829230146501,
    1.2321666479110718,
    1.1869232419526803,
    0.5135625584194293,
    0.9957480140858226,
    2.107766292533096,
    0.7072707138904909,
    0.9033337277394754,
    0.7532179329325172,
    0.7440794585867131,
    1.0519012873641616,
    0.5986752862803602,
    1.5460952973940916,
    0.7701021781627168,
    1.0000646178786818,
    0.5376859697011801,
    1.4027010014182644,
    1.5383722445368766,
    1.2800318347583026,
    0.6650585986930748,
    1.4401529489493952,
    0.9912675619125366,
    0.9251850698866061,
    1.7565607934191534,
    1.0497432455823228,
    0.5847753254075845,
    0.5779995547330126,
    0.6871411605885155,
    0.5819587962225427,
    0.8962825375034454,
    0.846311059068231,
    1.4550043749623,
    0.7808869416299073,
    0.8654289526097915,
    0.5675984996933121,
    0.6198055021778279,
    0.8037330101406763,
    0.781887142194642,
    1.4987386008981842,
    0.743789724257315,
    0.6538292697774686,
    0.7667392219815935,
    0.772518497294393,
    1.0209709042335446,
    0.4749440992052115,
    0.5026752915647295,
    0.7590152261224953,
    1.1562203496777579,
    0.5209178825711259,
    0.8188821823319044,
    0.6206357728189497,
    0.8110477429515911,
    0.5090050117706689,
    0.8852304696075378,
    0.5805685561589244,
    0.8361542790773369,
    0.6362591468625598,
    0.621833385266955,
    0.8049839193805005,
    0.960517415068519,
    1.4202770325872633,
    0.6022840963967274,
    0.7940889873674938,
    0.46936524308417454,
    0.5823520610839019,
    0.7464421797642665,
