{
  "ensemble": {
    "0.0": {
      "sr": 0.29,
      "cr": 0.71,
      "mean_uncertainty": 0.4536934314993761,
      "n_episodes": 100
    },
    "0.02": {
      "sr": 0.36,
      "cr": 0.64,
      "mean_uncertainty": 0.41334173433869525,
      "n_episodes": 100
    },
    "0.05": {
      "sr": 0.38,
      "cr": 0.62,
      "mean_uncertainty": 0.375944503726753,
      "n_episodes": 100
    },
    "0.08": {
      "sr": 0.37,
      "cr": 0.63,
      "mean_uncertainty": 0.446647481556633,
      "n_episodes": 100
    },
    "0.12": {
      "sr": 0.42,
      "cr": 0.58,
      "mean_uncertainty": 0.4678422760779613,
      "n_episodes": 100
    },
    "0.16": {
      "sr": 0.47,
      "cr": 0.53,
      "mean_uncertainty": 0.45357631777791757,
      "n_episodes": 100
    },
    "0.2": {
      "sr": 0.38,
      "cr": 0.62,
      "mean_uncertainty": 0.4507129415950816,
      "n_episodes": 100
    },
    "0.3": {
      "sr": 0.29,
      "cr": 0.71,
      "mean_uncertainty": 0.4548567484286164,
      "n_episodes": 100
    }
  },
  "vanilla": {
    "0.0": {
      "sr": 0.34,
      "cr": 0.66,
      "mean_uncertainty": 0.0,
      "n_episodes": 100
    },
    "0.02": {
      "sr": 0.23,
      "cr": 0.77,
      "mean_uncertainty": 0.0,
      "n_episodes": 100
    },
    "0.05": {
      "sr": 0.33,
      "cr": 0.67,
      "mean_uncertainty": 0.0,
      "n_episodes": 100
    },
    "0.08": {
      "sr": 0.38,
      "cr": 0.62,
      "mean_uncertainty": 0.0,
      "n_episodes": 100
    },
    "0.12": {
      "sr": 0.27,
      "cr": 0.73,
      "mean_uncertainty": 0.0,
      "n_episodes": 100
    },
    "0.16": {
      "sr": 0.31,
      "cr": 0.69,
      "mean_uncertainty": 0.0,
      "n_episodes": 100
    },
    "0.2": {
      "sr": 0.22,
      "cr": 0.78,
      "mean_uncertainty": 0.0,
      "n_episodes": 100
    },
    "0.3": {
      "sr": 0.34,
      "cr": 0.66,
      "mean_uncertainty": 0.0,
      "n_episodes": 100
    }
  },
  "large_mlp": {
    "0.0": {
      "sr": 0.38,
      "cr": 0.62,
      "mean_uncertainty": 0.0,
      "n_episodes": 100
    },
    "0.02": {
      "sr": 0.23,
      "cr": 0.77,
      "mean_uncertainty": 0.0,
      "n_episodes": 100
    },
    "0.05": {
      "sr": 0.3,
      "cr": 0.7,
      "mean_uncertainty": 0.0,
      "n_episodes": 100
    },
    "0.08": {
      "sr": 0.39,
      "cr": 0.61,
      "mean_uncertainty": 0.0,
      "n_episodes": 100
    },
    "0.12": {
      "sr": 0.47,
      "cr": 0.53,
      "mean_uncertainty": 0.0,
      "n_episodes": 100
    },
    "0.16": {
      "sr": 0.42,
      "cr": 0.58,
      "mean_uncertainty": 0.0,
      "n_episodes": 100
    },
    "0.2": {
      "sr": 0.32,
      "cr": 0.68,
      "mean_uncertainty": 0.0,
      "n_episodes": 100
    },
    "0.3": {
      "sr": 0.32,
      "cr": 0.68,
      "mean_uncertainty": 0.0,
      "n_episodes": 100
    }
  }
}