{
  "policy": "gru",
  "env": "D",
  "n_episodes": 200,
  "n_seeds": 5,
  "mc_samples": null,
  "success_rate": 0.24,
  "success_rate_std": 0.06442049363362562,
  "collision_rate": 0.76,
  "collision_rate_std": 0.06442049363362562,
  "timeout_rate": 0.0,
  "timeout_rate_std": 0.0,
  "mean_spl": 0.23891793027383773,
  "mean_spl_std": 0.06466257531241588,
  "mean_reward": 13.534331247813748,
  "mean_path_length": 2.794332959596585,
  "mean_steps": 110.11,
  "mean_uncertainty": 0.0,
  "std_uncertainty": 0.0,
  "mean_cautious_ratio": 0.0
}