{
  "policy": "gru",
  "env": "A",
  "n_episodes": 200,
  "n_seeds": 5,
  "mc_samples": null,
  "success_rate": 0.7,
  "success_rate_std": 0.08660254037844389,
  "collision_rate": 0.30000000000000004,
  "collision_rate_std": 0.08660254037844385,
  "timeout_rate": 0.0,
  "timeout_rate_std": 0.0,
  "mean_spl": 0.6959526682533547,
  "mean_spl_std": 0.08729983879709262,
  "mean_reward": 63.33293046438423,
  "mean_path_length": 3.5944096290122935,
  "mean_steps": 141.36,
  "mean_uncertainty": 0.0,
  "std_uncertainty": 0.0,
  "mean_cautious_ratio": 0.0
}