{
  "policy": "gru",
  "env": "A",
  "n_episodes": 200,
  "n_seeds": 5,
  "success_rate": 0.7300000000000001,
  "success_rate_std": 0.045825756949558386,
  "collision_rate": 0.27,
  "collision_rate_std": 0.045825756949558406,
  "timeout_rate": 0.0,
  "timeout_rate_std": 0.0,
  "mean_spl": 0.7254688434431242,
  "mean_spl_std": 0.0448559491048147,
  "mean_reward": 66.47575693760295,
  "mean_path_length": 3.76287545661202,
  "mean_steps": 147.705,
  "mean_uncertainty": 0.0,
  "std_uncertainty": 0.0,
  "mean_cautious_ratio": 0.0
}