{
  "policy": "gru",
  "env": "B",
  "n_episodes": 200,
  "n_seeds": 5,
  "mc_samples": null,
  "success_rate": 0.225,
  "success_rate_std": 0.04183300132670377,
  "collision_rate": 0.7749999999999999,
  "collision_rate_std": 0.04183300132670379,
  "timeout_rate": 0.0,
  "timeout_rate_std": 0.0,
  "mean_spl": 0.22375841400027846,
  "mean_spl_std": 0.042417653489896553,
  "mean_reward": 12.084849205395145,
  "mean_path_length": 2.5767500313896132,
  "mean_steps": 101.525,
  "mean_uncertainty": 0.0,
  "std_uncertainty": 0.0,
  "mean_cautious_ratio": 0.0
}