{
  "policy": "gru",
  "env": "D",
  "n_episodes": 200,
  "n_seeds": 5,
  "success_rate": 0.25999999999999995,
  "success_rate_std": 0.058309518948452994,
  "collision_rate": 0.74,
  "collision_rate_std": 0.058309518948453015,
  "timeout_rate": 0.0,
  "timeout_rate_std": 0.0,
  "mean_spl": 0.2591149293173376,
  "mean_spl_std": 0.05893231851763788,
  "mean_reward": 15.744971938894054,
  "mean_path_length": 2.789061788334093,
  "mean_steps": 109.885,
  "mean_uncertainty": 0.0,
  "std_uncertainty": 0.0,
  "mean_cautious_ratio": 0.0
}