{
  "policy": "gru",
  "env": "C",
  "n_episodes": 200,
  "n_seeds": 5,
  "mc_samples": null,
  "success_rate": 0.72,
  "success_rate_std": 0.033166247903554,
  "collision_rate": 0.27999999999999997,
  "collision_rate_std": 0.033166247903554,
  "timeout_rate": 0.0,
  "timeout_rate_std": 0.0,
  "mean_spl": 0.7176205601210451,
  "mean_spl_std": 0.033457312138101034,
  "mean_reward": 65.49838775338429,
  "mean_path_length": 3.6557593550051717,
  "mean_steps": 143.485,
  "mean_uncertainty": 0.0,
  "std_uncertainty": 0.0,
  "mean_cautious_ratio": 0.0
}