{
  "device": "cpu",
  "obs_dim": 39,
  "n_trials": 500,
  "single_mlp": {
    "mean_ms": 0.06282091399771161,
    "std_ms": 0.02362652548930713,
    "p50_ms": 0.05487800081027672,
    "p95_ms": 0.11610750589170493,
    "n_trials": 500
  },
  "mc_dropout": {
    "T=1": {
      "mean_ms": 0.2267266699927859,
      "std_ms": 0.04389895301400046,
      "p50_ms": 0.2044060020125471,
      "p95_ms": 0.31908149940136354,
      "p99_ms": 0.39029102088534273,
      "min_ms": 0.19263900321675465,
      "max_ms": 0.5277129966998473,
      "n_trials": 500
    },
    "T=5": {
      "mean_ms": 0.6143757599202218,
      "std_ms": 0.06862864926927623,
      "p50_ms": 0.600409501203103,
      "p95_ms": 0.7559837995358974,
      "p99_ms": 0.8247633716382552,
      "min_ms": 0.5385539989219978,
      "max_ms": 0.9720509988255799,
      "n_trials": 500
    },
    "T=10": {
      "mean_ms": 1.0693316759716254,
      "std_ms": 0.0674178110989905,
      "p50_ms": 1.0526520018174779,
      "p95_ms": 1.2067592459061414,
      "p99_ms": 1.2611681556154508,
      "min_ms": 0.9744259950821288,
      "max_ms": 1.4125029993010685,
      "n_trials": 500
    },
    "T=15": {
      "mean_ms": 1.5452369719132548,
      "std_ms": 0.0934009047307081,
      "p50_ms": 1.5209849989332724,
      "p95_ms": 1.7360114950861316,
      "p99_ms": 1.8498961789009627,
      "min_ms": 1.4161990038701333,
      "max_ms": 2.0661570015363395,
      "n_trials": 500
    },
    "T=20": {
      "mean_ms": 2.05841957188386,
      "std_ms": 0.12439464082521573,
      "p50_ms": 2.025334495556308,
      "p95_ms": 2.297085653117392,
      "p99_ms": 2.418734764869441,
      "min_ms": 1.8739830047707073,
      "max_ms": 2.548891003243625,
      "n_trials": 500
    },
    "T=30": {
      "mean_ms": 2.9701530121965334,
      "std_ms": 0.24388837714382514,
      "p50_ms": 2.9381004969764035,
      "p95_ms": 3.147632904074271,
      "p99_ms": 3.2626475731376545,
      "min_ms": 2.7836079971166328,
      "max_ms": 7.354086999839637,
      "n_trials": 500
    },
    "T=50": {
      "mean_ms": 4.859645632124739,
      "std_ms": 0.12227065183497922,
      "p50_ms": 4.830963502172381,
      "p95_ms": 5.085649947432102,
      "p99_ms": 5.2964262072055135,
      "min_ms": 4.67647600453347,
      "max_ms": 5.445950002467725,
      "n_trials": 500
    }
  },
  "ensemble_N5": {
    "mean_ms": 0.3792120977450395,
    "std_ms": 0.04704305933757347,
    "p50_ms": 0.3617289985413663,
    "p95_ms": 0.46769005384703627,
    "p99_ms": 0.5057146325998474,
    "n_trials": 500
  }
}