{
  "policy": "large_mlp",
  "env": "D",
  "n_episodes": 200,
  "n_seeds": 5,
  "mc_samples": null,
  "success_rate": 0.425,
  "success_rate_std": 0.04183300132670378,
  "collision_rate": 0.575,
  "collision_rate_std": 0.04183300132670378,
  "timeout_rate": 0.0,
  "timeout_rate_std": 0.0,
  "mean_spl": 0.4107920561065369,
  "mean_spl_std": 0.040140660893994234,
  "mean_reward": 31.098917213841844,
  "mean_path_length": 4.452745276524233,
  "mean_steps": 179.2,
  "mean_uncertainty": 0.0,
  "std_uncertainty": 0.0,
  "mean_cautious_ratio": 0.0
}