{
  "policy": "large_mlp",
  "env": "A",
  "n_episodes": 200,
  "n_seeds": 5,
  "mc_samples": null,
  "success_rate": 0.9549999999999998,
  "success_rate_std": 0.010000000000000009,
  "collision_rate": 0.045,
  "collision_rate_std": 0.01,
  "timeout_rate": 0.0,
  "timeout_rate_std": 0.0,
  "mean_spl": 0.9349660391057247,
  "mean_spl_std": 0.012158537599556965,
  "mean_reward": 90.2966010743751,
  "mean_path_length": 4.633173155082651,
  "mean_steps": 180.725,
  "mean_uncertainty": 0.0,
  "std_uncertainty": 0.0,
  "mean_cautious_ratio": 0.0
}