{
  "policy": "large_mlp",
  "env": "B",
  "n_episodes": 200,
  "n_seeds": 5,
  "mc_samples": null,
  "success_rate": 0.42000000000000004,
  "success_rate_std": 0.08860022573334676,
  "collision_rate": 0.58,
  "collision_rate_std": 0.08860022573334676,
  "timeout_rate": 0.0,
  "timeout_rate_std": 0.0,
  "mean_spl": 0.41268454106197705,
  "mean_spl_std": 0.08665134224605578,
  "mean_reward": 32.39805131689985,
  "mean_path_length": 3.5811927158731227,
  "mean_steps": 139.6,
  "mean_uncertainty": 0.0,
  "std_uncertainty": 0.0,
  "mean_cautious_ratio": 0.0
}