{
  "policy": "large_mlp",
  "env": "C",
  "n_episodes": 200,
  "n_seeds": 5,
  "mc_samples": null,
  "success_rate": 0.905,
  "success_rate_std": 0.05787918451395114,
  "collision_rate": 0.095,
  "collision_rate_std": 0.057879184513951125,
  "timeout_rate": 0.0,
  "timeout_rate_std": 0.0,
  "mean_spl": 0.8930405837732109,
  "mean_spl_std": 0.058128620379946656,
  "mean_reward": 85.24691071102829,
  "mean_path_length": 4.277893186556642,
  "mean_steps": 165.78,
  "mean_uncertainty": 0.0,
  "std_uncertainty": 0.0,
  "mean_cautious_ratio": 0.0
}