{
  "policy": "lstm",
  "env": "D",
  "n_episodes": 200,
  "n_seeds": 5,
  "mc_samples": null,
  "success_rate": 0.26999999999999996,
  "success_rate_std": 0.05787918451395112,
  "collision_rate": 0.7300000000000001,
  "collision_rate_std": 0.057879184513951125,
  "timeout_rate": 0.0,
  "timeout_rate_std": 0.0,
  "mean_spl": 0.2639259263824168,
  "mean_spl_std": 0.05880862892011418,
  "mean_reward": 16.56490831340215,
  "mean_path_length": 2.968502605715096,
  "mean_steps": 116.785,
  "mean_uncertainty": 0.0,
  "std_uncertainty": 0.0,
  "mean_cautious_ratio": 0.0
}