{
  "policy": "lstm",
  "env": "A",
  "n_episodes": 200,
  "n_seeds": 5,
  "mc_samples": null,
  "success_rate": 0.7150000000000001,
  "success_rate_std": 0.03391164991562632,
  "collision_rate": 0.28500000000000003,
  "collision_rate_std": 0.03391164991562634,
  "timeout_rate": 0.0,
  "timeout_rate_std": 0.0,
  "mean_spl": 0.7029617893717379,
  "mean_spl_std": 0.03240176301734317,
  "mean_reward": 64.6028017758892,
  "mean_path_length": 3.8499022347661853,
  "mean_steps": 151.505,
  "mean_uncertainty": 0.0,
  "std_uncertainty": 0.0,
  "mean_cautious_ratio": 0.0
}