{
  "policy": "lstm",
  "env": "C",
  "n_episodes": 200,
  "n_seeds": 5,
  "success_rate": 0.71,
  "success_rate_std": 0.09823441352194251,
  "collision_rate": 0.29,
  "collision_rate_std": 0.09823441352194248,
  "timeout_rate": 0.0,
  "timeout_rate_std": 0.0,
  "mean_spl": 0.6898549704510968,
  "mean_spl_std": 0.09543948958705777,
  "mean_reward": 63.88754817533868,
  "mean_path_length": 3.9479746124237405,
  "mean_steps": 155.42,
  "mean_uncertainty": 0.0,
  "std_uncertainty": 0.0,
  "mean_cautious_ratio": 0.0
}