{
  "policy": "lstm",
  "env": "C",
  "n_episodes": 200,
  "n_seeds": 5,
  "mc_samples": null,
  "success_rate": 0.615,
  "success_rate_std": 0.09565563234854496,
  "collision_rate": 0.385,
  "collision_rate_std": 0.09565563234854499,
  "timeout_rate": 0.0,
  "timeout_rate_std": 0.0,
  "mean_spl": 0.5953949380413319,
  "mean_spl_std": 0.09654570883603907,
  "mean_reward": 53.73310787807524,
  "mean_path_length": 3.641142346441817,
  "mean_steps": 143.29,
  "mean_uncertainty": 0.0,
  "std_uncertainty": 0.0,
  "mean_cautious_ratio": 0.0
}