{
  "policy": "lstm",
  "env": "B",
  "n_episodes": 200,
  "n_seeds": 5,
  "success_rate": 0.23500000000000001,
  "success_rate_std": 0.025495097567963927,
  "collision_rate": 0.7649999999999999,
  "collision_rate_std": 0.025495097567963948,
  "timeout_rate": 0.0,
  "timeout_rate_std": 0.0,
  "mean_spl": 0.2268529020295751,
  "mean_spl_std": 0.025946153899837482,
  "mean_reward": 12.869230863911486,
  "mean_path_length": 2.758345626677723,
  "mean_steps": 108.615,
  "mean_uncertainty": 0.0,
  "std_uncertainty": 0.0,
  "mean_cautious_ratio": 0.0
}