{
  "policy": "lstm",
  "env": "B",
  "n_episodes": 200,
  "n_seeds": 5,
  "mc_samples": null,
  "success_rate": 0.18,
  "success_rate_std": 0.07968688725254613,
  "collision_rate": 0.8200000000000001,
  "collision_rate_std": 0.07968688725254616,
  "timeout_rate": 0.0,
  "timeout_rate_std": 0.0,
  "mean_spl": 0.1744367299877332,
  "mean_spl_std": 0.07727261264931276,
  "mean_reward": 7.1746191467934235,
  "mean_path_length": 2.441601894058734,
  "mean_steps": 96.19,
  "mean_uncertainty": 0.0,
  "std_uncertainty": 0.0,
  "mean_cautious_ratio": 0.0
}