{
  "policy": "lstm",
  "env": "D",
  "n_episodes": 200,
  "n_seeds": 5,
  "success_rate": 0.21000000000000002,
  "success_rate_std": 0.037416573867739424,
  "collision_rate": 0.7899999999999999,
  "collision_rate_std": 0.0374165738677394,
  "timeout_rate": 0.0,
  "timeout_rate_std": 0.0,
  "mean_spl": 0.20702715263784172,
  "mean_spl_std": 0.037103514412907296,
  "mean_reward": 10.299018474127035,
  "mean_path_length": 2.646740784941018,
  "mean_steps": 104.14,
  "mean_uncertainty": 0.0,
  "std_uncertainty": 0.0,
  "mean_cautious_ratio": 0.0
}