{
  "policy": "mc_dropout",
  "env": "A",
  "n_episodes": 200,
  "n_seeds": 5,
  "mc_samples": 10,
  "success_rate": 0.99,
  "success_rate_std": 0.012247448713915901,
  "collision_rate": 0.01,
  "collision_rate_std": 0.012247448713915891,
  "timeout_rate": 0.0,
  "timeout_rate_std": 0.0,
  "mean_spl": 0.9788121714706005,
  "mean_spl_std": 0.010992996002190752,
  "mean_reward": 94.58837509334037,
  "mean_path_length": 4.43364777994751,
  "mean_steps": 170.525,
  "mean_uncertainty": 0.005603053702411048,
  "std_uncertainty": 0.004693056187757074,
  "mean_cautious_ratio": 0.0,
  "uncertainty_success_correlation": -0.5794861703195561,
  "uncertainty_calibration": {
    "q0_sr": 1.0,
    "q0_cr": 0.0,
    "q0_timeout": 0.0,
    "q0_mean_unc": 0.004018414863115794,
    "q0_n": 50,
    "q1_sr": 1.0,
    "q1_cr": 0.0,
    "q1_timeout": 0.0,
    "q1_mean_unc": 0.004635302091863482,
    "q1_n": 50,
    "q2_sr": 1.0,
    "q2_cr": 0.0,
    "q2_timeout": 0.0,
    "q2_mean_unc": 0.005586097291141267,
    "q2_n": 50,
    "q3_sr": 0.96,
    "q3_cr": 0.04,
    "q3_timeout": 0.0,
    "q3_mean_unc": 0.00817240056352365,
    "q3_n": 50
  },
  "auroc_failure": 1.0,
  "ece": 0.3147177985400028,
  "routing_table": [
    {
      "strategy": "No routing (all autonomous)",
      "autonomous_frac": 1.0,
      "autonomous_sr": 0.99,
      "human_burden": 0.0
    },
    {
      "strategy": "Route Q3 to human",
      "autonomous_frac": 0.75,
      "autonomous_sr": 1.0,
      "human_burden": 0.25
    },
    {
      "strategy": "Route Q2+Q3 to human",
      "autonomous_frac": 0.5,
      "autonomous_sr": 1.0,
      "human_burden": 0.5
    },
    {
      "strategy": "Only Q0 autonomous",
      "autonomous_frac": 0.25,
      "autonomous_sr": 1.0,
      "human_burden": 0.75
    }
  ]
}