{
  "policy": "mc_dropout",
  "env": "D",
  "n_episodes": 200,
  "n_seeds": 5,
  "mc_samples": 10,
  "success_rate": 0.48500000000000004,
  "success_rate_std": 0.09027735042633894,
  "collision_rate": 0.51,
  "collision_rate_std": 0.09027735042633894,
  "timeout_rate": 0.005,
  "timeout_rate_std": 0.01,
  "mean_spl": 0.4541415024553106,
  "mean_spl_std": 0.08227416890093853,
  "mean_reward": 37.353583890880415,
  "mean_path_length": 4.915689999999986,
  "mean_steps": 189.065,
  "mean_uncertainty": 0.018241090331123765,
  "std_uncertainty": 0.010850345302772527,
  "mean_cautious_ratio": 0.0021223578633991543,
  "uncertainty_success_correlation": -0.5573803558785037,
  "uncertainty_calibration": {
    "q0_sr": 0.98,
    "q0_cr": 0.02,
    "q0_timeout": 0.0,
    "q0_mean_unc": 0.004490736719770762,
    "q0_n": 50,
    "q1_sr": 0.76,
    "q1_cr": 0.24,
    "q1_timeout": 0.0,
    "q1_mean_unc": 0.008493757376796278,
    "q1_n": 50,
    "q2_sr": 0.2,
    "q2_cr": 0.78,
    "q2_timeout": 0.02,
    "q2_mean_unc": 0.015188627774958946,
    "q2_n": 50,
    "q3_sr": 0.0,
    "q3_cr": 1.0,
    "q3_timeout": 0.0,
    "q3_mean_unc": 0.044791239452969075,
    "q3_n": 50
  },
  "per_episode_uncertainty": [
    0.006830376182237149,
    0.0072378246263040446,
    0.005363651510066872,
    0.013062733535965284,
    0.04508480945721679,
    0.028850447945296766,
    0.0074812932899504,
    0.003803807945223525,
    0.011267371486173943,
    0.005705519089820333,
    0.006625535210620139,
    0.01058792017704425,
    0.011864648454177838,
    0.012546565518136923,
    0.02026595005943244,
    0.0364400435398464,
    0.009887378998891503,
    0.003493162133565096,
    0.01523768912143582,
    0.05018194434600637,
    0.02752949899280094,
    0.07001378238201142,
    0.006498107487211449,
    0.03679707619858546,
    0.004531884600388973,
    0.021445047297973686,
    0.0054101878338203326,
    0.0052803815504583185,
    0.0047158924964952305,
    0.006233848776799022,
    0.03938248075751795,
    0.012934878180967644,
    0.006839805893171367,
    0.004642105419439693,
    0.029394738376140594,
    0.06538501381874084,
    0.02440453586809715,
    0.010723678012495451,
    0.0747331976890564,
    0.004687761095388291,
    0.004611411159250723,
    0.017664367333054543,
    0.10423698276281357,
    0.003962449451339328,
    0.003580000525162007,
    0.004804958940308163,
    0.011558085293087108,
    0.01419868977346386,
    0.011361291262472654,
    0.009514804094497018,
    0.0049426199143959414,
    0.03390864097007846,
    0.0036371774646747662,
    0.007541987289437111,
    0.008084194830132162,
    0.003435428596751387,
    0.010157947073734942,
    0.04744179514167247,
    0.011312076767735943,
    0.003908379326566775,
    0.007194084923997123,
    0.007004251379166143,
    0.004391753002787933,
    0.02740901775623315,
    0.02076238221866456,
    0.019075677196899853,
    0.04048670083284378,
    0.005665519093996201,
    0.009747209076113922,
    0.05624909692427568,
    0.007102447832661902,
    0.007726569961825454,
    0.0049166422253078285,
    0.006103954437927523,
    0.009552390842592311,
    0.04637989533263483,
    0.003839728052274536,
    0.01291936716836423,
    0.021745016444595408,
    0.010851330757790505,
    0.01649465862723006,
    0.009488868000181882,
    0.08337283134460449,
    0.003413339214468444,
    0.01048343069654917,
    0.013137685716288327,
    0.019321120552140875,
    0.0041913234460053544,
    0.02871385268286191,
    0.008292121236168203,
    0.014542450649095337,
    0.010304838711038298,
    0.013111533316384469,
    0.11425182223320007,
    0.07300742715597153,
    0.011086205056441638,
    0.0032584489132700995,
    0.020073720542565385,
    0.004795772666861571,
    0.004414952749260743,
    0.006212784055566048,
    0.004985338520620846,
    0.0033724874524880995,
    0.010976426166303429,
    0.054966166615486145,
    0.0070262471015599594,
    0.018550579118182368,
    0.0045836630846939185,
    0.015496982756840595,
    0.007622578094377186,
    0.028141484559801894,
    0.006260640625715682,
    0.01075376903900777,
    0.019617905484046787,
    0.014048160898632237,
    0.034974267851007546,
    0.051261263997539094,
    0.021912535871851487,
    0.028005219995975494,
    0.005436075440843819,
    0.09586143493652344,
    0.008312757625909788,
    0.01425735509643952,
    0.013540821879299732,
    0.052120573818683624,
    0.012206566015568873,
    0.017274813182078876,
    0.0031639254093684707,
    0.019780539450808786,
    0.04870774654735779,
    0.0071862106106907,
    0.009798512893497782,
    0.0032807031322775754,
    0.013619232147902949,
    0.007491637916125367,
    0.00972975771018893,
    0.009599870240859938,
    0.01419364047407708,
    0.010197597905062139,
    0.09472528100013733,
    0.010165543601967805,
    0.0059372470574361805,
    0.007841366081265733,
    0.012567890329123234,
    0.015068944645670388,
    0.004869672500796657,
    0.004631511341284476,
    0.04500046744942665,
    0.007078100581302483,
    0.008585978361875996,
    0.018279323014745812,
    0.010215973907107155,
    0.014635553852521167,
    0.03639448572474735,
    0.08354698494076729,
    0.0042320590896997605,
    0.023214529673125418,
    0.014125901056226626,
    0.004979307727415945,
    0.004470855229200148,
    0.009375765906326229,
    0.026258364448470895,
    0.021440709659878116,
    0.011048475837391191,
    0.010942104281499408,
    0.018127871959678684,
    0.003928018452592847,
    0.020108425222775516,
    0.023100701001541206,
    0.018927479744888842,
    0.003647696139164453,
    0.003967605161489229,
    0.01107830849495974,
    0.017485896498279495,
    0.0205437217185011,
    0.024459797868353204,
    0.02372346289645312,
    0.009074040695710885,
    0.00505686011154651,
    0.009230146463521107,
    0.005870926771467315,
    0.029885462547341982,
    0.004102489968206276,
    0.0064223696657375795,
    0.028081182516684913,
    0.009367982154412374,
    0.015291513805509702,
    0.019552022218704224,
    0.04179207608103752,
    0.01293236554130657,
    0.007121904755774466,
    0.005530785856332135,
    0.0051570602263668625,
    0.003483557123350754,
    0.014343515393182592,
    0.007081983204140367,
    0.05383597245802068,
    0.01883015801848949,
    0.020427954832798446,
    0.004340777336619794
  ],
  "per_episode_success": [
    1,
    1,
    1,
    0,
    0,
    0,
    1,
    1,
    0,
    1,
    1,
    0,
    1,
    1,
    0,
    0,
    1,
    1,
    0,
    0,
    0,
    0,
    1,
    0,
    1,
    0,
    1,
    1,
    1,
    1,
    0,
    0,
    1,
    1,
    0,
    0,
    0,
    1,
    0,
    1,
    1,
    0,
    0,
    1,
    1,
    1,
    0,
    1,
    0,
    1,
    1,
    0,
    1,
    1,
    1,
    1,
    1,
    0,
    0,
    1,
    1,
    1,
    1,
    0,
    0,
    0,
    0,
    1,
    1,
    0,
    1,
    1,
    1,
    1,
    1,
    0,
    1,
    0,
    0,
    0,
    0,
    1,
    0,
    1,
    0,
    0,
    0,
    1,
    0,
    1,
    1,
    0,
    0,
    0,
    0,
    0,
    1,
    0,
    1,
    1,
    1,
    1,
    1,
    1,
    0,
    1,
    0,
    1,
    0,
    1,
    0,
    1,
    1,
    0,
    1,
    0,
    0,
    0,
    0,
    1,
    0,
    0,
    1,
    1,
    0,
    0,
    0,
    1,
    0,
    0,
    1,
    1,
    1,
    1,
    1,
    1,
    0,
    0,
    1,
    0,
    0,
    1,
    1,
    0,
    0,
    1,
    1,
    0,
    1,
    1,
    0,
    0,
    1,
    0,
    0,
    1,
    0,
    0,
    1,
    1,
    0,
    0,
    0,
    0,
    0,
    0,
    1,
    0,
    0,
    0,
    1,
    0,
    0,
    0,
    0,
    0,
    0,
    0,
    1,
    1,
    1,
    0,
    1,
    1,
    0,
    1,
    0,
    0,
    0,
    0,
    1,
    1,
    1,
    1,
    0,
    0,
    0,
    0,
    0,
    1
  ],
  "auroc_failure": 0.9584626163547192,
  "ece": 0.35534312645514726,
  "routing_table": [
    {
      "strategy": "No routing (all autonomous)",
      "autonomous_frac": 1.0,