{
  "policy": "mc_dropout",
  "env": "A",
  "n_episodes": 200,
  "n_seeds": 5,
  "mc_samples": 10,
  "success_rate": 0.9949999999999999,
  "success_rate_std": 0.010000000000000009,
  "collision_rate": 0.005,
  "collision_rate_std": 0.01,
  "timeout_rate": 0.0,
  "timeout_rate_std": 0.0,
  "mean_spl": 0.9815423527474536,
  "mean_spl_std": 0.009295834611774441,
  "mean_reward": 95.20466482756564,
  "mean_path_length": 4.359809999999992,
  "mean_steps": 167.685,
  "mean_uncertainty": 0.005426327386809287,
  "std_uncertainty": 0.004385856582558092,
  "mean_cautious_ratio": 2.6595744680851064e-05,
  "uncertainty_success_correlation": -0.40353584261284114,
  "uncertainty_calibration": {
    "q0_sr": 1.0,
    "q0_cr": 0.0,
    "q0_timeout": 0.0,
    "q0_mean_unc": 0.00390896252668854,
    "q0_n": 50,
    "q1_sr": 1.0,
    "q1_cr": 0.0,
    "q1_timeout": 0.0,
    "q1_mean_unc": 0.004430874895717223,
    "q1_n": 50,
    "q2_sr": 1.0,
    "q2_cr": 0.0,
    "q2_timeout": 0.0,
    "q2_mean_unc": 0.005389415555074986,
    "q2_n": 50,
    "q3_sr": 0.98,
    "q3_cr": 0.02,
    "q3_timeout": 0.0,
    "q3_mean_unc": 0.007976056569756395,
    "q3_n": 50
  },
  "per_episode_uncertainty": [
    0.003893118747303971,
    0.004603411277445654,
    0.004153173148017568,
    0.004324853850537729,
    0.004174965952012328,
    0.006767438038950786,
    0.00549835770992407,
    0.004070523537666304,
    0.00457696826511843,
    0.005682862145694167,
    0.004955271589348004,
    0.005598257097957375,
    0.006783475880377514,
    0.004343390729851447,
    0.005569131111979381,
    0.003941562660232497,
    0.008092348550966272,
    0.004264559307146908,
    0.005437184456924915,
    0.0059302222478109295,
    0.004944240195722419,
    0.004746778372219776,
    0.004061181533514806,
    0.004318228788993585,
    0.004961290027867688,
    0.007369496913098202,
    0.004392111542674297,
    0.005800602254160541,
    0.004063091280079598,
    0.006603739071133718,
    0.0035179423589614175,
    0.004082278454337607,
    0.003971866994414111,
    0.007712632786693438,
    0.00437015806684739,
    0.006353609057080895,
    0.005960506533858065,
    0.006191952388904435,
    0.004929525718724012,
    0.004251982211242995,
    0.005903926045228276,
    0.0037486300261275088,
    0.004246991486596482,
    0.0034818505327815987,
    0.004016294388809968,
    0.005430519263845289,
    0.004863258050081421,
    0.004755463128550404,
    0.007442079578490498,
    0.00470501436572522,
    0.00495496193531814,
    0.006520571475431218,
    0.006738684988314552,
    0.004349551772215415,
    0.005200643256404411,
    0.004169652027236979,
    0.006078296031987788,
    0.004522669534954066,
    0.007716417635002961,
    0.003977789864750646,
    0.004522300144332168,
    0.0040768242288882345,
    0.00396230461107894,
    0.0057069921211775725,
    0.006226485206398292,
    0.004816097254201171,
    0.0050399052859761585,
    0.005160751378434336,
    0.004064336568041731,
    0.005882981489734373,
    0.004386079421688226,
    0.003837759063268701,
    0.0037148562994666354,
    0.00659854145216552,
    0.00528114854571331,
    0.0084042763765966,
    0.009827357321301217,
    0.00442526144833546,
    0.0035976856383249946,
    0.011136012157177501,
    0.004466477570668707,
    0.005353456553281613,
    0.005927691722555852,
    0.003893741820738908,
    0.005600764605671514,
    0.007601871799547659,
    0.0050259084124421784,
    0.003998698768316631,
    0.007228348380329768,
    0.008648718431086696,
    0.004020688326871844,
    0.00441703160618932,
    0.004363416237088086,
    0.007467868173960597,
    0.007283856047981299,
    0.003884616169243065,
    0.005018847004580153,
    0.004043854458979075,
    0.00457735785379843,
    0.012676007560234962,
    0.004721672450924837,
    0.007008575258036771,
    0.004631004308417342,
    0.0043019676913356045,
    0.0073157921138726455,
    0.004166649876657976,
    0.004982676562697937,
    0.00829049004135992,
    0.005590657711067177,
    0.008358160108071201,
    0.0039767124912223634,
    0.004358335559616887,
    0.005028322492945987,
    0.004090050213710077,
    0.0042357823077098095,
    0.009631036897189915,
    0.006409308142875406,
    0.004168857360188077,
    0.004373422052956821,
    0.008210943433560283,
    0.004188686582980858,
    0.0037564322553750615,
    0.0074457222948812185,
    0.013128631824095334,
    0.0042125490094081335,
    0.004255759930375087,
    0.004524955831104787,
    0.005828590903481747,
    0.004178755807054297,
    0.00916936755512974,
    0.004298043601813906,
    0.005144500716899832,
    0.005371221163923937,
    0.003925095536172963,
    0.0048874400501303815,
    0.004329045727558276,
    0.004101668115642466,
    0.006839018123766325,
    0.00671237148040163,
    0.0034798677441343164,
    0.0037736509328755406,
    0.006747056978297824,
    0.00395954273838856,
    0.008407867930489718,
    0.0035327377976810044,
    0.004763185900959129,
    0.004048506321166368,
    0.004320923727787793,
    0.004659961050125856,
    0.005989436459824887,
    0.005211154989854887,
    0.003992696045091949,
    0.004512691480280428,
    0.012809130454573919,
    0.00893795287220514,
    0.00740940413394578,
    0.0037873220139157935,
    0.005549034945850335,
    0.005580767405039647,
    0.006719705568764687,
    0.005021848214255442,
    0.004735047170001705,
    0.003612140087416665,
    0.004710346474973841,
    0.004057714223836636,
    0.0069229541296538495,
    0.004692420948296785,
    0.0045088144783538,
    0.006180398167041992,
    0.005978125463800291,
    0.0037966391345117846,
    0.004346056836168411,
    0.016084183100610973,
    0.007509203277295456,
    0.004909445191962553,
    0.0037303533522195062,
    0.00420799747761339,
    0.007560851592998737,
    0.005088653057759655,
    0.006641391518359801,
    0.005340135916751825,
    0.0040905253527770665,
    0.0034940866835634497,
    0.004025840284330549,
    0.006020843644033779,
    0.00402574991104692,
    0.007874907241246008,
    0.0037185836256718014,
    0.004043451167682422,
    0.006181838238149766,
    0.004941714597710718,
    0.003983202781749978,
    0.004296890575217434,
    0.0049886386632584994,
    0.004280116375302896,
    0.005323571388852661,
    0.006598617728079923,
    0.0046246364680535305,
    0.006486557178683214,
    0.004035380807181355
  ],
  "per_episode_success": [
    1,
    1,
    1,
    1,
    1,
    1,
    1,
    1,
    1,
    1,
    1,
    1,
    1,
    1,
    1,
    1,
    1,
    1,
    1,
    1,
    1,
    1,
    1,
    1,
    1,
    1,
    1,
    1,
    1,
    1,
    1,
    1,
    1,
    1,
    1,
    1,
    1,
    1,
    1,
    1,
    1,
    1,
    1,
    1,
    1,
    1,
    1,
    1,
    1,
    1,
    1,
    1,
    1,
    1,
    1,
    1,
    1,
    1,
    1,
    1,
    1,
    1,
    1,
    1,
    1,
    1,
    1,
    1,
    1,
    1,
    1,
    1,
    1,
    1,
    1,
    1,
    1,
    1,
    1,
    1,
    1,
    1,
    1,
    1,
    1,
    1,
    1,
    1,
    1,
    1,
    1,
    1,
    1,
    1,
    1,
    1,
    1,
    1,
    1,
    1,
    1,
    1,
    1,
    1,
    1,
    1,
    1,
    1,
    1,
    1,
    1,
    1,
    1,
    1,
    1,
    1,
    1,
    1,
    1,
    1,
    1,
    1,
    1,
    1,
    1,
    1,
    1,
    1,
    1,
    1,
    1,
    1,
    1,
    1,
    1,
    1,
    1,
    1,
    1,
    1,
    1,
    1,
    1,
    1,
    1,
    1,
    1,
    1,
    1,
    1,
    1,
    1,
    1,
    1,
    1,
    1,
    1,
    1,
    1,
    1,
    1,
    1,
    1,
    1,
    1,
    1,
    1,
    1,
    1,
    1,
    1,
    1,
    0,
    1,
    1,
    1,
    1,
    1,
    1,
    1,
    1,
    1,
    1,
    1,
    1,
    1,
    1,
    1,
    1,
    1,
    1,
    1,
    1,
    1,
    1,
    1,
    1,
    1,
    1,
    1
  ],
  "auroc_failure": 1.0,
  "ece": 0.3323702027118265,
  "routing_table": [
    {
      "strategy": "No routing (all autonomous)",
      "autonomous_frac": 1.0,