{
  "policy": "mc_dropout",
  "env": "C",
  "n_episodes": 200,
  "n_seeds": 5,
  "mc_samples": 5,
  "success_rate": 0.9,
  "success_rate_std": 0.05700877125495691,
  "collision_rate": 0.1,
  "collision_rate_std": 0.0570087712549569,
  "timeout_rate": 0.0,
  "timeout_rate_std": 0.0,
  "mean_spl": 0.8942575238417378,
  "mean_spl_std": 0.05576945203427226,
  "mean_reward": 84.97882319228219,
  "mean_path_length": 4.159479999999992,
  "mean_steps": 159.98,
  "mean_uncertainty": 0.005492664745850571,
  "std_uncertainty": 0.0055140205576402375,
  "mean_cautious_ratio": 0.00018639362869238334,
  "uncertainty_success_correlation": -0.5660894312385664,
  "uncertainty_calibration": {
    "q0_sr": 1.0,
    "q0_cr": 0.0,
    "q0_timeout": 0.0,
    "q0_mean_unc": 0.0039497215092075535,
    "q0_n": 50,
    "q1_sr": 1.0,
    "q1_cr": 0.0,
    "q1_timeout": 0.0,
    "q1_mean_unc": 0.00441468064738024,
    "q1_n": 50,
    "q2_sr": 0.98,
    "q2_cr": 0.02,
    "q2_timeout": 0.0,
    "q2_mean_unc": 0.005185293440402206,
    "q2_n": 50,
    "q3_sr": 0.62,
    "q3_cr": 0.38,
    "q3_timeout": 0.0,
    "q3_mean_unc": 0.008420963386412284,
    "q3_n": 50
  },
  "auroc_failure": 0.9522222222222222,
  "ece": 0.10906290282218152,
  "routing_table": [
    {
      "strategy": "No routing (all autonomous)",
      "autonomous_frac": 1.0,
      "autonomous_sr": 0.9,
      "human_burden": 0.0
    },
    {
      "strategy": "Route Q3 to human",
      "autonomous_frac": 0.75,
      "autonomous_sr": 0.9933333333333333,
      "human_burden": 0.25
    },
    {
      "strategy": "Route Q2+Q3 to human",
      "autonomous_frac": 0.5,
      "autonomous_sr": 1.0,
      "human_burden": 0.5
    },
    {
      "strategy": "Only Q0 autonomous",
      "autonomous_frac": 0.25,
      "autonomous_sr": 1.0,
      "human_burden": 0.75
    }
  ]
}