{
  "policy": "mc_dropout",
  "env": "C",
  "n_episodes": 200,
  "n_seeds": 5,
  "mc_samples": 20,
  "success_rate": 0.9299999999999999,
  "success_rate_std": 0.02915475947422648,
  "collision_rate": 0.07,
  "collision_rate_std": 0.029154759474226504,
  "timeout_rate": 0.0,
  "timeout_rate_std": 0.0,
  "mean_spl": 0.9236723582980367,
  "mean_spl_std": 0.029380847565596637,
  "mean_reward": 88.2131501498073,
  "mean_path_length": 4.220189999999992,
  "mean_steps": 162.315,
  "mean_uncertainty": 0.005379196555231626,
  "std_uncertainty": 0.004211277531644502,
  "mean_cautious_ratio": 0.0,
  "uncertainty_success_correlation": -0.6672102585545882,
  "uncertainty_calibration": {
    "q0_sr": 1.0,
    "q0_cr": 0.0,
    "q0_timeout": 0.0,
    "q0_mean_unc": 0.003991351195898093,
    "q0_n": 50,
    "q1_sr": 1.0,
    "q1_cr": 0.0,
    "q1_timeout": 0.0,
    "q1_mean_unc": 0.0044791976324728726,
    "q1_n": 50,
    "q2_sr": 1.0,
    "q2_cr": 0.0,
    "q2_timeout": 0.0,
    "q2_mean_unc": 0.005206677477858188,
    "q2_n": 50,
    "q3_sr": 0.72,
    "q3_cr": 0.28,
    "q3_timeout": 0.0,
    "q3_mean_unc": 0.007839559914697352,
    "q3_n": 50
  },
  "per_episode_uncertainty": [
    0.003927190817451616,
    0.004297481991428261,
    0.0060934399968329694,
    0.006182794362061962,
    0.00497147086223223,
    0.009567589838510361,
    0.0060608901232106814,
    0.0040188443188319085,
    0.004592584249062033,
    0.004341249539348202,
    0.004346457148673372,
    0.004149653074291339,
    0.004731594201870811,
    0.0056917724236218116,
    0.004725640901597217,
    0.003952431920021352,
    0.0045097620720094675,
    0.007612187331542373,
    0.004016814869828522,
    0.0045443543003293105,
    0.004066255709803696,
    0.005519771356767881,
    0.00456794363298947,
    0.004271656201199639,
    0.005778664874244781,
    0.007678595343604684,
    0.009160287490475082,
    0.005898001448561748,
    0.004704504666821749,
    0.0038668607670368383,
    0.00434368866107737,
    0.007268208655713417,
    0.008065377379261307,
    0.003990665331239934,
    0.003911832690710661,
    0.00376058693272772,
    0.008389068204601566,
    0.004549028908555535,
    0.005063428112930835,
    0.006556602481882586,
    0.00579841587667891,
    0.005019725477664706,
    0.004055457172432431,
    0.003671620224070336,
    0.004522126595234885,
    0.003903278889660926,
    0.00535383902350115,
    0.005123035306066364,
    0.004253291653835082,
    0.004690453507161389,
    0.0044519435003526325,
    0.004857274049083839,
    0.004160742112836833,
    0.0066890367493033405,
    0.00432794612686102,
    0.005737207479251083,
    0.006451451522632364,
    0.005974816621027653,
    0.0041895638389987415,
    0.004699415115917399,
    0.005071693004163749,
    0.004624592880516746,
    0.0046445650762869314,
    0.004284774197502902,
    0.006217398741617312,
    0.003713268165509882,
    0.004992657620040281,
    0.004005530922153309,
    0.004083419971228126,
    0.004347528586089381,
    0.0039461805784004,
    0.004600731129260752,
    0.004213719073539743,
    0.005285955807974863,
    0.0038901075356821903,
    0.004946028359446917,
    0.0052846724604140504,
    0.0046438548441340285,
    0.004528559670400094,
    0.00650411092762002,
    0.0043681706406202446,
    0.005173958469216961,
    0.004418913831922494,
    0.004631860117339084,
    0.004684907666585864,
    0.006512909211010392,
    0.005101426704641199,
    0.006097071515754438,
    0.004563080720767817,
    0.005628413161806141,
    0.0048529764207509846,
    0.00402811282387405,
    0.0046405911688854155,
    0.0042288520786564286,
    0.004662120643221003,
    0.008994984668218992,
    0.013107500113879464,
    0.0035624662786722184,
    0.00457979987661999,
    0.003940824983102909,
    0.0060143520358045405,
    0.003948721201404145,
    0.004035035414219932,
    0.005088436297896527,
    0.015993099185553465,
    0.004583599077733724,
    0.004793047194834798,
    0.009165869997879883,
    0.00450022913951506,
    0.006673681056674789,
    0.004121116102366141,
    0.004374969853022209,
    0.00662720077293218,
    0.0045633628787029356,
    0.0077196763935540105,
    0.005141095380473993,
    0.004429940987252989,
    0.006196900679982505,
    0.008772851949158524,
    0.00543798440884327,
    0.004021052611611222,
    0.00864781993135932,
    0.00495846893456651,
    0.00684286871071284,
    0.004489041032152545,
    0.007330327472364,
    0.004108762988835224,
    0.007161981278014454,
    0.009081979588206326,
    0.005361149587044538,
    0.0039046778004955163,
    0.004488022926097708,
    0.004451110560521755,
    0.004078844448821129,
    0.004417384435821857,
    0.00533601636422819,
    0.004029789666491125,
    0.004154923756141215,
    0.003946663539025786,
    0.006198957916520845,
    0.004306255366673019,
    0.007136834109271014,
    0.003929874737017838,
    0.005391934692549209,
    0.004401626207343325,
    0.006425729498312056,
    0.009522046403665291,
    0.004223421077095285,
    0.0071847859040104056,
    0.004502097546437781,
    0.005376191330922244,
    0.005045515498412507,
    0.004669428595846866,
    0.012539296730288437,
    0.004249411604941432,
    0.0043361134982357425,
    0.004934223879832017,
    0.009640476046234508,
    0.005663032241432962,
    0.007357316561043262,
    0.00426272467634912,
    0.00406881800569993,
    0.004615147385378311,
    0.004522842791629955,
    0.007102894286531435,
    0.004813529785333461,
    0.007077399406393391,
    0.005527224210113216,
    0.00845151880707924,
    0.012064251923737557,
    0.004079052696228435,
    0.004959871952730912,
    0.004108718245036223,
    0.00547460185316595,
    0.0049697154825553294,
    0.0037279659936587527,
    0.004130326388082628,
    0.00352500802847348,
    0.005490286882501095,
    0.003675586444948643,
    0.0045317174164588225,
    0.005996262458211277,
    0.006848735232888978,
    0.00403914946738431,
    0.005015651041367384,
    0.00549770400147491,
    0.0038095174545776985,
    0.005998742276452345,
    0.004288729234644166,
    0.005197466619140586,
    0.006090592856720819,
    0.004596288892133987,
    0.005398851971307155,
    0.0038808247114022103,
    0.008329455834474036,
    0.004785060968725954,
    0.008574585773102526,
    0.004425546871172874,
    0.004270087180890523,
    0.004306065768703518
  ],
  "per_episode_success": [
    1,
    1,
    1,
    1,
    1,
    0,
    1,
    1,
    1,
    1,
    1,
    1,
    1,
    1,
    1,
    1,
    1,
    1,
    1,
    1,
    1,
    1,
    1,
    1,
    1,
    1,
    0,
    1,
    1,
    1,
    1,
    0,
    1,
    1,
    1,
    1,
    1,
    1,
    1,
    1,
    1,
    1,
    1,
    1,
    1,
    1,
    1,
    1,
    1,
    1,
    1,
    1,
    1,
    0,
    1,
    1,
    1,
    1,
    1,
    1,
    1,
    1,
    1,
    1,
    1,
    1,
    1,
    1,
    1,
    1,
    1,
    1,
    1,
    1,
    1,
    1,
    1,
    1,
    1,
    0,
    1,
    1,
    1,
    1,
    1,
    1,
    1,
    1,
    1,
    1,
    1,
    1,
    1,
    1,
    1,
    0,
    0,
    1,
    1,
    1,
    1,
    1,
    1,
    1,
    0,
    1,
    1,
    1,
    1,
    1,
    1,
    1,
    1,
    1,
    0,
    1,
    1,
    1,
    1,
    1,
    1,
    0,
    1,
    1,
    1,
    1,
    1,
    1,
    0,
    1,
    1,
    1,
    1,
    1,
    1,
    1,
    1,
    1,
    1,
    1,
    1,
    1,
    1,
    1,
    1,
    1,
    0,
    1,
    1,
    1,
    1,
    1,
    1,
    0,
    1,
    1,
    1,
    1,
    1,
    1,
    1,
    1,
    1,
    1,
    1,
    1,
    1,
    1,
    1,
    0,
    1,
    1,
    1,
    1,
    1,
    1,
    1,
    1,
    1,
    1,
    1,
    1,
    1,
    1,
    1,
    1,
    1,
    1,
    1,
    1,
    1,
    1,
    1,
    1,
    1,
    1,
    1,
    1,
    1,
    1
  ],
  "auroc_failure": 0.9719662058371735,
  "ece": 0.27276508585778575,
  "routing_table": [
    {
      "strategy": "No routing (all autonomous)",
      "autonomous_frac": 1.0,