{
  "policy": "mc_dropout",
  "env": "B",
  "n_episodes": 200,
  "n_seeds": 5,
  "mc_samples": 10,
  "success_rate": 0.425,
  "success_rate_std": 0.04743416490252569,
  "collision_rate": 0.575,
  "collision_rate_std": 0.04743416490252569,
  "timeout_rate": 0.0,
  "timeout_rate_std": 0.0,
  "mean_spl": 0.4213796226873546,
  "mean_spl_std": 0.04708675351870924,
  "mean_reward": 33.184657737981276,
  "mean_path_length": 3.4969999999999937,
  "mean_steps": 134.5,
  "mean_uncertainty": 0.013511292381798037,
  "std_uncertainty": 0.009141957726187056,
  "mean_cautious_ratio": 0.0016290883306805553,
  "uncertainty_success_correlation": -0.5260718438503679,
  "uncertainty_calibration": {
    "q0_sr": 0.98,
    "q0_cr": 0.02,
    "q0_timeout": 0.0,
    "q0_mean_unc": 0.004290772917440544,
    "q0_n": 50,
    "q1_sr": 0.64,
    "q1_cr": 0.36,
    "q1_timeout": 0.0,
    "q1_mean_unc": 0.006463963722240583,
    "q1_n": 50,
    "q2_sr": 0.08,
    "q2_cr": 0.92,
    "q2_timeout": 0.0,
    "q2_mean_unc": 0.011759872336325021,
    "q2_n": 50,
    "q3_sr": 0.0,
    "q3_cr": 1.0,
    "q3_timeout": 0.0,
    "q3_mean_unc": 0.031530560551186,
    "q3_n": 50
  },
  "per_episode_uncertainty": [
    0.005836719004526878,
    0.012327861552572964,
    0.0040251788139964145,
    0.003983643051622075,
    0.006655542365953569,
    0.03219384214737349,
    0.032785649456263305,
    0.014644843328631285,
    0.0033604474156163633,
    0.006486676270836605,
    0.022266329130938938,
    0.004102860135598811,
    0.009797744792578203,
    0.004011948160693584,
    0.00499858821511081,
    0.007290771584661349,
    0.00354844781939373,
    0.04746893048286438,
    0.029606750630068058,
    0.012417786601664765,
    0.010133912285107752,
    0.005357688178581724,
    0.004907309789795112,
    0.01617548723006621,
    0.007738048050669022,
    0.005168680227003419,
    0.005280087548815359,
    0.016051936288657663,
    0.005259249892498536,
    0.005845496645323614,
    0.007161100395023823,
    0.00872011726189937,
    0.008641133066209287,
    0.010992400885487977,
    0.019103767324761465,
    0.0069632047228515145,
    0.0060430291268349316,
    0.016250778932687865,
    0.021141523463476416,
    0.04142834062302678,
    0.00949748046696186,
    0.006182565759500545,
    0.01002431195229292,
    0.005423385517276598,
    0.020192886022134468,
    0.007522724760949691,
    0.03192570912792827,
    0.005370184209769462,
    0.0045251700307496565,
    0.02208748151472694,
    0.0039577142711541636,
    0.0205368982585655,
    0.014234646006744749,
    0.016062647531411255,
    0.016276669522778967,
    0.009017413503236392,
    0.00731776965056286,
    0.007114083719276951,
    0.003839587961833569,
    0.019204390986058653,
    0.009652180721561432,
    0.005030243764989651,
    0.004485465290061045,
    0.019252284690869828,
    0.009249184787622653,
    0.007178927046554419,
    0.005193514629758688,
    0.006886000666662911,
    0.00398513241457352,
    0.029001446440815926,
    0.049501771293580535,
    0.004383189403982,
    0.011732666957398044,
    0.005882401644113966,
    0.004162813774391272,
    0.023227981937881767,
    0.0047091986650500345,
    0.021261386727691508,
    0.00813301911357006,
    0.010231517257926525,
    0.028586701518169753,
    0.02080807462334633,
    0.013164579339728161,
    0.017713103890784232,
    0.005180740303113165,
    0.016472014024989996,
    0.015891814973974037,
    0.004632457981465339,
    0.021322491319469093,
    0.027887133698007376,
    0.027111106717615928,
    0.006738527362250676,
    0.005794035479785172,
    0.013901758323461837,
    0.004506688661252459,
    0.07784578949213028,
    0.009055235520160446,
    0.013003126718103886,
    0.006236754091223702,
    0.004684997198108414,
    0.05945109389722347,
    0.055653144351460716,
    0.00742447681160287,
    0.01809905321132524,
    0.005065517176128061,
    0.004655470624004073,
    0.01057491147085168,
    0.016268139264169843,
    0.011092864420290475,
    0.004679251861596128,
    0.006565684010018851,
    0.0037787261978900503,
    0.006297058760586762,
    0.007654771047262098,
    0.011767690069056813,
    0.021065097797397913,
    0.02032562345266342,
    0.013542897933089704,
    0.00499506117325058,
    0.005100341493604132,
    0.009331753477454185,
    0.006782773160375654,
    0.029517579335896743,
    0.004991986254865948,
    0.003878743643532541,
    0.008254327927716076,
    0.003547942522930074,
    0.06408894062042236,
    0.0038719237453334384,
    0.021344807985300137,
    0.007238194295031791,
    0.003867381846763983,
    0.010128172103078197,
    0.013528947034372693,
    0.01944867947604507,
    0.005019403112831936,
    0.01432459860545576,
    0.0037073516592379535,
    0.011727734458802912,
    0.005621867118433359,
    0.02278371308930218,
    0.009576797723333327,
    0.0038554348031148945,
    0.00370798729577313,
    0.004761929437793659,
    0.03875552490353584,
    0.009731089483378804,
    0.006373810173821344,
    0.02902430893542866,
    0.0037684936739074497,
    0.005363377829588061,
    0.007655301683409485,
    0.005718979732554457,
    0.007492316030957137,
    0.05106572434306145,
    0.0037212780919838443,
    0.041934238746762276,
    0.024838357465341687,
    0.0076685400060409695,
    0.005398990327889538,
    0.009498986400228863,
    0.017742998905031754,
    0.004143968706061555,
    0.005466478060748268,
    0.08722805976867676,
    0.05579904094338417,
    0.004686461475326634,
    0.00475017102908785,
    0.02853317269843749,
    0.005046853664210967,
    0.004831322806780657,
    0.012210331884743545,
    0.0038130640301046854,
    0.011886032789671966,
    0.010424360181393756,
    0.017626088693505154,
    0.005563745067255306,
    0.009061657060455117,
    0.011624878516398415,
    0.007668981163962079,
    0.03273129090666771,
    0.008581578503490414,
    0.00450903476207113,
    0.023684557527303696,
    0.02073231502174494,
    0.006443756475003765,
    0.004171701739797343,
    0.00784619124559994,
    0.004446535866502357,
    0.008034245111048222,
    0.014873375797357697,
    0.004057038558844047,
    0.00818028875474571,
    0.006136931186348525,
    0.010760843414434437,
    0.0034186284951397412,
    0.035120829939842224,
    0.0038485573041203256,
    0.005540788846541454,
    0.013892123733354167
  ],
  "per_episode_success": [
    1,
    0,
    1,
    1,
    1,
    0,
    0,
    0,
    1,
    0,
    0,
    1,
    0,
    1,
    1,
    0,
    1,
    0,
    0,
    0,
    0,
    1,
    1,
    0,
    0,
    1,
    1,
    0,
    1,
    1,
    0,
    0,
    0,
    1,
    0,
    1,
    1,
    0,
    0,
    0,
    1,
    1,
    0,
    1,
    0,
    0,
    0,
    0,
    1,
    0,
    1,
    0,
    0,
    0,
    0,
    0,
    1,
    1,
    1,
    0,
    1,
    1,
    1,
    0,
    0,
    0,
    0,
    0,
    1,
    0,
    0,
    0,
    0,
    1,
    1,
    0,
    1,
    0,
    0,
    0,
    0,
    0,
    0,
    0,
    1,
    0,
    0,
    1,
    0,
    0,
    0,
    0,
    1,
    0,
    1,
    0,
    0,
    0,
    1,
    1,
    0,
    0,
    1,
    0,
    1,
    1,
    0,
    0,
    0,
    1,
    1,
    1,
    1,
    0,
    0,
    0,
    0,
    0,
    1,
    1,
    0,
    0,
    0,
    1,
    1,
    0,
    1,
    0,
    1,
    0,
    0,
    1,
    0,
    0,
    0,
    1,
    0,
    1,
    0,
    0,
    0,
    0,
    1,
    1,
    1,
    0,
    0,
    1,
    0,
    1,
    0,
    1,
    1,
    0,
    0,
    1,
    0,
    0,
    1,
    1,
    0,
    0,
    1,
    1,
    0,
    0,
    1,
    1,
    0,
    1,
    1,
    0,
    1,
    0,
    0,
    0,
    1,
    1,
    0,
    1,
    0,
    0,
    1,
    0,
    0,
    1,
    1,
    1,
    1,
    0,
    0,
    1,
    0,
    1,
    0,
    1,
    0,
    1,
    1,
    0
  ],
  "auroc_failure": 0.9636828644501279,
  "ece": 0.4201038476762226,
  "routing_table": [
    {
      "strategy": "No routing (all autonomous)",
      "autonomous_frac": 1.0,