{
  "policy": "mc_dropout",
  "env": "D",
  "n_episodes": 200,
  "n_seeds": 5,
  "mc_samples": 5,
  "success_rate": 0.47000000000000003,
  "success_rate_std": 0.05338539126015656,
  "collision_rate": 0.52,
  "collision_rate_std": 0.062048368229954284,
  "timeout_rate": 0.01,
  "timeout_rate_std": 0.012247448713915891,
  "mean_spl": 0.45163940134928515,
  "mean_spl_std": 0.047830683799027426,
  "mean_reward": 36.19100446506947,
  "mean_path_length": 4.589939493193018,
  "mean_steps": 176.54,
  "mean_uncertainty": 0.018788910617423965,
  "std_uncertainty": 0.013638555460145904,
  "mean_cautious_ratio": 0.01703813032747427,
  "uncertainty_success_correlation": -0.5244121776994191,
  "uncertainty_calibration": {
    "q0_sr": 0.96,
    "q0_cr": 0.04,
    "q0_timeout": 0.0,
    "q0_mean_unc": 0.004474998678694274,
    "q0_n": 50,
    "q1_sr": 0.8,
    "q1_cr": 0.2,
    "q1_timeout": 0.0,
    "q1_mean_unc": 0.007540253124988635,
    "q1_n": 50,
    "q2_sr": 0.12,
    "q2_cr": 0.86,
    "q2_timeout": 0.02,
    "q2_mean_unc": 0.015806014641713363,
    "q2_n": 50,
    "q3_sr": 0.0,
    "q3_cr": 0.98,
    "q3_timeout": 0.02,
    "q3_mean_unc": 0.047334376024299595,
    "q3_n": 50
  },
  "per_episode_uncertainty": [
    0.0068554402339026516,
    0.007722540774704716,
    0.015330398767307764,
    0.01231545821655207,
    0.024456199413204257,
    0.010373569839791945,
    0.08715915804107983,
    0.013634204839331072,
    0.023630859980946533,
    0.005794248788527423,
    0.032430935205898286,
    0.03279933999336575,
    0.031383726973058,
    0.0035389418810334796,
    0.0033530469525967967,
    0.04004708507244347,
    0.007442987817617606,
    0.007265340754166608,
    0.012888466867805558,
    0.007521838159796732,
    0.01613685647111938,
    0.04346833408577368,
    0.021972351740779623,
    0.009330492597924874,
    0.0048616539776875555,
    0.005116348265404891,
    0.004602741353612925,
    0.0068935440556039135,
    0.0049661151184837386,
    0.007487581484704553,
    0.010103095086970973,
    0.007929785905785306,
    0.005088714723475277,
    0.00560796167402982,
    0.007085789496187672,
    0.008987558145291228,
    0.018166297746696123,
    0.004392964635063578,
    0.05313155264593661,
    0.033171820792600386,
    0.004934966340458587,
    0.029208702966570854,
    0.08923723548650742,
    0.0038355927367606287,
    0.003337200698127239,
    0.0045801185023998025,
    0.021977630567642258,
    0.023113233413188213,
    0.03402428701519966,
    0.00780248659474505,
    0.010914048408855032,
    0.05472026765346527,
    0.017300909524814785,
    0.007511670088258604,
    0.004611320623514754,
    0.004701008670539505,
    0.04913234436975383,
    0.03403946078093401,
    0.03467598557472229,
    0.021720443607604913,
    0.010303044971644216,
    0.010370154035800837,
    0.004112293646306139,
    0.01353512129762096,
    0.020507731954179084,
    0.004091580561515385,
    0.005373281639898874,
    0.004617187657561573,
    0.005432618706392878,
    0.006052162305488179,
    0.03336145896065756,
    0.005925530593844551,
    0.008295860856638424,
    0.09581606307377417,
    0.00880873328681941,
    0.015029226272505889,
    0.005511626715599266,
    0.0379653120795207,
    0.016479284211131585,
    0.016342065767205965,
    0.01747550804469898,
    0.010455905110575259,
    0.044883113354444504,
    0.0038821245750003354,
    0.01131936429413779,
    0.004703290608942809,
    0.036673257526542456,
    0.026363899632398147,
    0.010302790031752558,
    0.016373260352177683,
    0.02244617736221037,
    0.011233021157989848,
    0.0042053794026719995,
    0.021420090330436573,
    0.009842002081939829,
    0.005591168634465805,
    0.006752422981314127,
    0.04315096393199355,
    0.005193669054078982,
    0.007624994845952772,
    0.00994517086009081,
    0.03885269909077426,
    0.030854273546562606,
    0.005380339591074077,
    0.012699380621706493,
    0.01572502218341389,
    0.004651378818857754,
    0.02996557712077531,
    0.021138139157178434,
    0.017376131044020728,
    0.004779603162268638,
    0.012805551635264827,
    0.003913786114730022,
    0.006313264471261048,
    0.11028946936130524,
    0.04749900767845767,
    0.005084053505634686,
    0.019449167944941788,
    0.004304236037646758,
    0.01675612297570468,
    0.048107489943504333,
    0.006549931009344402,
    0.015478601755744144,
    0.03632538579404354,
    0.0037541864591815826,
    0.06679552793502808,
    0.011290184159021256,
    0.00507207238075502,
    0.006155471635776832,
    0.04671663045883179,
    0.013975631916158212,
    0.0060250957843116,
    0.004251736213410692,
    0.006812666914152816,
    0.016688357828431487,
    0.007899742302740173,
    0.1757398396730423,
    0.005694700806304457,
    0.005124796716904456,
    0.014019481329908729,
    0.035410378128290176,
    0.011541305536393459,
    0.06307943910360336,
    0.009703082100410635,
    0.01783304965545499,
    0.0054403490919087616,
    0.053361297208106236,
    0.04662997841296601,
    0.02628483706228863,
    0.0067781822152773105,
    0.005591177115098417,
    0.00663839736191252,
    0.014988693035922089,
    0.04190427786041353,
    0.01222688898016476,
    0.00571409859687611,
    0.004169363523189012,
    0.00457287559102977,
    0.0037338922710250353,
    0.0037643266201484948,
    0.011344810395108615,
    0.004793562875258632,
    0.007371843608173852,
    0.07815491291694343,
    0.017634063590473186,
    0.006481896835535878,
    0.018595869954442606,
    0.011919209177816106,
    0.02151729340089591,
    0.018126083550568512,
    0.005196962345636705,
    0.013667104617157515,
    0.036424309630152765,
    0.004297150976330444,
    0.005103976938139217,
    0.00492620606888548,
    0.12872788310050964,
    0.03026986592888551,
    0.00873513094635067,
    0.004090258402895577,
    0.011464332811142825,
    0.008594821960861353,
    0.01771742931811242,
    0.03114182610093338,
    0.003248478352958173,
    0.029378801153546148,
    0.009370157028755165,
    0.019679098174850824,
    0.022336688052183685,
    0.018526910656047137,
    0.0039494568604462234,
    0.00441096847783268,
    0.004334352737582842,
    0.005308224277622584,
    0.020379242294865874,
    0.004042977290535216,
    0.007775613477570005,
    0.015187559401230755,
    0.00632543928744923,
    0.003958550993206242
  ],
  "per_episode_success": [
    1,
    1,
    0,
    0,
    0,
    0,
    0,
    0,
    0,
    1,
    0,
    0,
    0,
    1,
    1,
    0,
    1,
    1,
    0,
    1,
    0,
    0,
    0,
    1,
    0,
    1,
    1,
    1,
    1,
    1,
    1,
    1,
    1,
    1,
    1,
    1,
    0,
    1,
    0,
    0,
    1,
    0,
    0,
    1,
    1,
    1,
    0,
    0,
    0,
    1,
    0,
    0,
    0,
    1,
    1,
    1,
    0,
    0,
    0,
    0,
    0,
    0,
    1,
    1,
    0,
    1,
    1,
    1,
    1,
    1,
    0,
    1,
    1,
    0,
    0,
    0,
    1,
    0,
    0,
    0,
    0,
    1,
    0,
    1,
    0,
    1,
    0,
    0,
    0,
    0,
    0,
    0,
    1,
    0,
    1,
    1,
    0,
    0,
    1,
    0,
    1,
    0,
    0,
    1,
    0,
    0,
    1,
    0,
    0,
    0,
    1,
    0,
    1,
    1,
    0,
    0,
    1,
    0,
    1,
    0,
    0,
    0,
    1,
    0,
    1,
    0,
    0,
    1,
    1,
    0,
    0,
    1,
    1,
    0,
    0,
    1,
    0,
    1,
    1,
    0,
    0,
    1,
    0,
    1,
    0,
    1,
    0,
    0,
    0,
    1,
    1,
    1,
    0,
    0,
    0,
    1,
    1,
    1,
    1,
    1,
    0,
    1,
    1,
    0,
    0,
    1,
    0,
    0,
    0,
    1,
    1,
    0,
    0,
    1,
    1,
    1,
    0,
    0,
    1,
    1,
    1,
    1,
    0,
    0,
    1,
    0,
    1,
    0,
    0,
    0,
    0,
    1,
    1,
    1,
    0,
    1,
    0,
    0,
    1,
    1
  ],
  "auroc_failure": 0.961561621838619,
  "ece": 0.42308679475725025,
  "routing_table": [
    {
      "strategy": "No routing (all autonomous)",
      "autonomous_frac": 1.0,