{
  "policy": "mc_dropout",
  "env": "C",
  "n_episodes": 200,
  "n_seeds": 5,
  "mc_samples": 20,
  "success_rate": 0.9199999999999999,
  "success_rate_std": 0.03316624790355399,
  "collision_rate": 0.08,
  "collision_rate_std": 0.033166247903554,
  "timeout_rate": 0.0,
  "timeout_rate_std": 0.0,
  "mean_spl": 0.913477685755341,
  "mean_spl_std": 0.03254329323658949,
  "mean_reward": 87.04502647422304,
  "mean_path_length": 4.2716691036027585,
  "mean_steps": 164.295,
  "mean_uncertainty": 0.005520303170599795,
  "std_uncertainty": 0.0042790576109221655,
  "mean_cautious_ratio": 0.0,
  "uncertainty_success_correlation": -0.7491475715333626,
  "uncertainty_calibration": {
    "q0_sr": 1.0,
    "q0_cr": 0.0,
    "q0_timeout": 0.0,
    "q0_mean_unc": 0.004010044948257583,
    "q0_n": 50,
    "q1_sr": 1.0,
    "q1_cr": 0.0,
    "q1_timeout": 0.0,
    "q1_mean_unc": 0.004539704901339314,
    "q1_n": 50,
    "q2_sr": 1.0,
    "q2_cr": 0.0,
    "q2_timeout": 0.0,
    "q2_mean_unc": 0.005403125617111463,
    "q2_n": 50,
    "q3_sr": 0.68,
    "q3_cr": 0.32,
    "q3_timeout": 0.0,
    "q3_mean_unc": 0.008128337215690819,
    "q3_n": 50
  },
  "auroc_failure": 0.9823369565217391,
  "ece": 0.2909334581000161,
  "routing_table": [
    {
      "strategy": "No routing (all autonomous)",
      "autonomous_frac": 1.0,
      "autonomous_sr": 0.92,
      "human_burden": 0.0
    },
    {
      "strategy": "Route Q3 to human",
      "autonomous_frac": 0.75,
      "autonomous_sr": 1.0,
      "human_burden": 0.25
    },
    {
      "strategy": "Route Q2+Q3 to human",
      "autonomous_frac": 0.5,
      "autonomous_sr": 1.0,
      "human_burden": 0.5
    },
    {
      "strategy": "Only Q0 autonomous",
      "autonomous_frac": 0.25,
      "autonomous_sr": 1.0,
      "human_burden": 0.75
    }
  ]
}