{
  "policy": "mc_dropout",
  "env": "B",
  "n_episodes": 200,
  "n_seeds": 5,
  "mc_samples": 20,
  "success_rate": 0.37499999999999994,
  "success_rate_std": 0.05477225575051663,
  "collision_rate": 0.625,
  "collision_rate_std": 0.0547722557505166,
  "timeout_rate": 0.0,
  "timeout_rate_std": 0.0,
  "mean_spl": 0.3694650797675975,
  "mean_spl_std": 0.05555058573098006,
  "mean_reward": 27.479626853274027,
  "mean_path_length": 3.624320309817189,
  "mean_steps": 139.4,
  "mean_uncertainty": 0.015969979414461166,
  "std_uncertainty": 0.009055582135592608,
  "mean_cautious_ratio": 0.005974386258778001,
  "uncertainty_success_correlation": -0.4054279970015678,
  "uncertainty_calibration": {
    "q0_sr": 0.98,
    "q0_cr": 0.02,
    "q0_timeout": 0.0,
    "q0_mean_unc": 0.004547869906717533,
    "q0_n": 50,
    "q1_sr": 0.48,
    "q1_cr": 0.52,
    "q1_timeout": 0.0,
    "q1_mean_unc": 0.007332356675429332,
    "q1_n": 50,
    "q2_sr": 0.04,
    "q2_cr": 0.96,
    "q2_timeout": 0.0,
    "q2_mean_unc": 0.013359220275533872,
    "q2_n": 50,
    "q3_sr": 0.0,
    "q3_cr": 1.0,
    "q3_timeout": 0.0,
    "q3_mean_unc": 0.03864047080016393,
    "q3_n": 50
  },
  "per_episode_uncertainty": [
    0.005955786231564931,
    0.01291052368951255,
    0.01122953851581625,
    0.06384724378585815,
    0.016992426448817946,
    0.016223066021186536,
    0.0035554936561637963,
    0.013143613754602318,
    0.004904571593334501,
    0.0042260713811064585,
    0.0073863292434474545,
    0.004383260731187478,
    0.0046178002648107775,
    0.011383775396469682,
    0.01597284073562642,
    0.006673126271925867,
    0.00803150023178508,
    0.00900025146869121,
    0.004038214208789381,
    0.009087925415188379,
    0.004008535871592661,
    0.01964020858640256,
    0.006642654949488739,
    0.003981106644456005,
    0.005513999693353508,
    0.00552072381621904,
    0.01640418499090614,
    0.006498351529395829,
    0.00396384090838554,
    0.007402388917398639,
    0.004441018179338825,
    0.009557637150437963,
    0.008049379917123923,
    0.019359397149885132,
    0.013514672031120981,
    0.005105248186737299,
    0.03258350000396604,
    0.005415308516012964,
    0.01237105668780606,
    0.0290015060454607,
    0.009030405195369347,
    0.005386576107134403,
    0.17505265772342682,
    0.014318480161840424,
    0.01160755317853114,
    0.02062714819573978,
    0.04065403342247009,
    0.019974851374475595,
    0.005473804937320806,
    0.017879289272241295,
    0.11188311874866486,
    0.007253394140349945,
    0.0061178828072691455,
    0.019616501450115825,
    0.004041178906745799,
    0.018736173458729345,
    0.015000855850398932,
    0.011230576025577737,
    0.01155980728755712,
    0.008279114139710416,
    0.0075257184280251915,
    0.007209128247341141,
    0.009253367967142018,
    0.011014017193087351,
    0.0037829296710971063,
    0.011061311692765882,
    0.009071374502261432,
    0.01077065205584076,
    0.01840648327359102,
    0.014773310978771813,
    0.081002376973629,
    0.0056882986975693725,
    0.016299726378120896,
    0.03153456586557601,
    0.01658329740166664,
    0.06743410229682922,
    0.007342493762262165,
    0.00492661396145858,
    0.0036733792619255017,
    0.0036604179116617236,
    0.030636657904343386,
    0.02745118853636086,
    0.012143015089079839,
    0.019329673509587936,
    0.008185242597853214,
    0.004090641584883601,
    0.025344000381588096,
    0.010489738042649712,
    0.008627111463630129,
    0.01755874197774877,
    0.006263649570132802,
    0.012809015259826704,
    0.02382526236275832,
    0.022472940385341644,
    0.011459655121996485,
    0.006150669201176513,
    0.007799900288912741,
    0.04853890933420347,
    0.006323165432722481,
    0.006391150876879692,
    0.019364625205516173,
    0.013823285532583083,
    0.009143125080187612,
    0.014974248415707209,
    0.005979360523471971,
    0.004740777786355466,
    0.0036721664233595247,
    0.005349686518976731,
    0.007683720856673385,
    0.006217395461882505,
    0.0075670552838356855,
    0.010592140228942212,
    0.02496222167887461,
    0.04126064479351044,
    0.013995214607383982,
    0.004728678894975969,
    0.006077954962025755,
    0.005111832772726538,
    0.019864753473960203,
    0.014683837137305837,
    0.013497570529580116,
    0.008081891341134906,
    0.029536727039764326,
    0.004725619747589987,
    0.003696031944935013,
    0.007940545218156242,
    0.010859736689941628,
    0.020070387705071073,
    0.0036490193854129853,
    0.008249167483356074,
    0.01090992083998337,
    0.005838744211895236,
    0.018616076408458564,
    0.013320878281484585,
    0.008758654007809792,
    0.005131710091894814,
    0.008583001778599355,
    0.026475403631915046,
    0.0037354809421448233,
    0.010315381205193215,
    0.004762214872826247,
    0.011673046230367318,
    0.040396134927868844,
    0.005479796904428686,
    0.0057275181615968115,
    0.004972087544146455,
    0.01618802347026455,
    0.013292875206666707,
    0.02554649187921554,
    0.03335497322443284,
    0.003995488509031132,
    0.007014504607774058,
    0.028853781521320343,
    0.028016399276176735,
    0.054281689083346955,
    0.01478072585845002,
    0.025030981303037454,
    0.017399327693266325,
    0.005323718844626385,
    0.014320352592546007,
    0.00880906300292173,
    0.0035618680096896633,
    0.040806494653224945,
    0.0058161304368982165,
    0.005291264227861048,
    0.00622034323768115,
    0.004415429435539409,
    0.019841099675814402,
    0.0037870750202273484,
    0.043774815974757075,
    0.0049438242582822,
    0.06538252783939243,
    0.015735440605596916,
    0.012003481401992378,
    0.005956220416852308,
    0.00445304986572376,
    0.020771654206328094,
    0.007776690323314652,
    0.031379595956285346,
    0.017558858394132633,
    0.0372917326304185,
    0.005932599042381088,
    0.006702356458061916,
    0.011856592707581035,
    0.015847760200528287,
    0.003759762800958318,
    0.007262885895446499,
    0.0060880216507529705,
    0.0061462731241728324,
    0.004050119607283253,
    0.01188801574624247,
    0.012454771350517316,
    0.10546626150608063,
    0.08530174195766449,
    0.015165298126805993,
    0.043985676020383835,
    0.005912077561619558,
    0.007124719444410972,
    0.004158836303829364,
    0.003955271333271347
  ],
  "per_episode_success": [
    1,
    0,
    0,
    0,
    0,
    0,
    1,
    0,
    1,
    1,
    0,
    1,
    1,
    0,
    0,
    1,
    0,
    0,
    1,
    0,
    1,
    0,
    1,
    1,
    1,
    1,
    0,
    0,
    1,
    1,
    1,
    0,
    0,
    0,
    0,
    0,
    0,
    1,
    0,
    0,
    1,
    1,
    0,
    0,
    0,
    0,
    0,
    0,
    1,
    0,
    0,
    1,
    0,
    0,
    1,
    0,
    0,
    0,
    0,
    1,
    1,
    0,
    0,
    0,
    1,
    0,
    1,
    0,
    0,
    1,
    0,
    1,
    0,
    0,
    0,
    0,
    0,
    1,
    1,
    1,
    0,
    0,
    0,
    0,
    0,
    1,
    0,
    0,
    0,
    0,
    1,
    0,
    0,
    0,
    0,
    0,
    1,
    0,
    1,
    0,
    0,
    0,
    0,
    0,
    1,
    1,
    1,
    1,
    0,
    1,
    0,
    0,
    0,
    0,
    0,
    1,
    1,
    1,
    0,
    0,
    0,
    0,
    0,
    1,
    1,
    0,
    0,
    0,
    1,
    1,
    0,
    1,
    0,
    0,
    0,
    1,
    0,
    0,
    1,
    0,
    1,
    0,
    0,
    1,
    1,
    1,
    0,
    0,
    0,
    0,
    1,
    1,
    0,
    0,
    0,
    0,
    0,
    0,
    1,
    0,
    0,
    1,
    0,
    1,
    1,
    0,
    1,
    0,
    1,
    0,
    1,
    0,
    0,
    0,
    1,
    1,
    0,
    0,
    0,
    0,
    0,
    1,
    1,
    0,
    0,
    1,
    0,
    1,
    0,
    1,
    1,
    0,
    0,
    0,
    0,
    0,
    1,
    1,
    1,
    1
  ],
  "auroc_failure": 0.9674666666666666,
  "ece": 0.5337704310813884,
  "routing_table": [
    {
      "strategy": "No routing (all autonomous)",
      "autonomous_frac": 1.0,