{
  "policy": "mc_dropout",
  "env": "D",
  "n_episodes": 200,
  "n_seeds": 5,
  "mc_samples": 20,
  "success_rate": 0.45,
  "success_rate_std": 0.09617692030835673,
  "collision_rate": 0.5499999999999999,
  "collision_rate_std": 0.0961769203083567,
  "timeout_rate": 0.0,
  "timeout_rate_std": 0.0,
  "mean_spl": 0.4184353965344597,
  "mean_spl_std": 0.08579059050088753,
  "mean_reward": 32.6658417827514,
  "mean_path_length": 5.275399999999983,
  "mean_steps": 202.9,
  "mean_uncertainty": 0.017231303314588962,
  "std_uncertainty": 0.00938118530355172,
  "mean_cautious_ratio": 0.0004115264550180469,
  "uncertainty_success_correlation": -0.5294612174064349,
  "uncertainty_calibration": {
    "q0_sr": 0.98,
    "q0_cr": 0.02,
    "q0_timeout": 0.0,
    "q0_mean_unc": 0.004288703569750416,
    "q0_n": 50,
    "q1_sr": 0.62,
    "q1_cr": 0.38,
    "q1_timeout": 0.0,
    "q1_mean_unc": 0.008731817314910151,
    "q1_n": 50,
    "q2_sr": 0.2,
    "q2_cr": 0.8,
    "q2_timeout": 0.0,
    "q2_mean_unc": 0.016587663129283572,
    "q2_n": 50,
    "q3_sr": 0.0,
    "q3_cr": 1.0,
    "q3_timeout": 0.0,
    "q3_mean_unc": 0.0393170292444117,
    "q3_n": 50
  },
  "per_episode_uncertainty": [
    0.006541567765224713,
    0.007968723773956299,
    0.008563675681463651,
    0.016748381888310453,
    0.08632751554250717,
    0.00403159566323083,
    0.024478666473526593,
    0.004895310218472661,
    0.005745182846342083,
    0.0042955527507161735,
    0.0077867886846822295,
    0.045675888657569885,
    0.021920665272344382,
    0.017143167812119678,
    0.021074908417439586,
    0.009001304590032976,
    0.029349126575633565,
    0.005104564600798042,
    0.014765851199626923,
    0.00445065244072766,
    0.013438003453776791,
    0.021237624299359478,
    0.027677546224328987,
    0.05413432330602691,
    0.020234014280920837,
    0.006048201436975173,
    0.004167235968634486,
    0.05619872299333414,
    0.0033821858894291586,
    0.018127931134405594,
    0.004012250276499017,
    0.004654192447907626,
    0.03268312294364187,
    0.027498559313319584,
    0.007578539478485114,
    0.004637896565993021,
    0.0258082818026912,
    0.023427964838557556,
    0.008747704433271391,
    0.005499975222923701,
    0.004618662322425972,
    0.048793692141771317,
    0.08744214475154877,
    0.0039916556872521885,
    0.009930228250072217,
    0.012465316164769768,
    0.015371775455388282,
    0.0073437952384766605,
    0.1142004132270813,
    0.0734653789550066,
    0.009797475098749897,
    0.003479513948585725,
    0.016492145670054015,
    0.0036065105837539283,
    0.004106496355586475,
    0.004044408396778939,
    0.02145953810029996,
    0.008134486529287761,
    0.007025340500118949,
    0.011015464431803786,
    0.004667231662287599,
    0.044230352311084666,
    0.004078431707301472,
    0.007351719041824014,
    0.015961344715020278,
    0.007725443056487775,
    0.003578968970627289,
    0.006370751165618367,
    0.0168848516584215,
    0.010174705578760991,
    0.007522921991767362,
    0.047594063902894654,
    0.008966828493515872,
    0.012775959569047979,
    0.028541012126130656,
    0.005012642733636313,
    0.02236392782472166,
    0.019663602903247215,
    0.0042109190812334414,
    0.007321002598816775,
    0.016454589620439542,
    0.004766985011883662,
    0.0039905933077728165,
    0.019773927387884922,
    0.005163853741741102,
    0.0035277297455119866,
    0.004396493851539267,
    0.017919565146874594,
    0.018722594559413233,
    0.021783764406642977,
    0.012936933754683763,
    0.020894711871384357,
    0.02765945250226199,
    0.01275403298954288,
    0.007622848312199138,
    0.011699759203448328,
    0.0037566557058311078,
    0.032304363331661146,
    0.017625966807827353,
    0.004307679383625352,
    0.0033262316681501583,
    0.02707394175190248,
    0.010484145282477628,
    0.017474851040110276,
    0.03238297334845952,
    0.016186216196083292,
    0.01885668830361983,
    0.0034304090262579907,
    0.013377212494780341,
    0.016318987134607933,
    0.036664314251660446,
    0.0049326890973959035,
    0.005473284041705395,
    0.02816621959209442,
    0.012745782926989099,
    0.018080490201504693,
    0.023798340904249926,
    0.038934713338014924,
    0.02351345866918564,
    0.006720075124165917,
    0.04057642072439194,
    0.007462388259314355,
    0.014149267481156311,
    0.03159995377063751,
    0.003749424029082023,
    0.09319590777158737,
    0.011585499841479188,
    0.01936344915953842,
    0.018519127409088124,
    0.010583914163181038,
    0.009354096975746668,
    0.014801495827000952,
    0.010623575214227226,
    0.016108160250365836,
    0.004224274846935041,
    0.12282980233430862,
    0.004345320348449527,
    0.023283402958970054,
    0.005595720345832266,
    0.006785249507476963,
    0.0385170578956604,
    0.011227611088936494,
    0.003606805325436749,
    0.021370473628691426,
    0.007805454643621317,
    0.015188994138900723,
    0.03588791714981198,
    0.04484683835346784,
    0.016656917008161267,
    0.013390304027525808,
    0.005579399372938843,
    0.0214310739060036,
    0.02133033936843276,
    0.004216324496904717,
    0.011302563548088073,
    0.025683394748609447,
    0.01901202840374762,
    0.0146558829204201,
    0.012397953325066052,
    0.009018619702872606,
    0.011803022600475728,
    0.004780305301149686,
    0.006013249850802044,
    0.020785439119903205,
    0.011993126155665288,
    0.025610561772226925,
    0.005386066458110387,
    0.009882939331148151,
    0.013178964145481586,
    0.0036742089608459163,
    0.004065802903827645,
    0.00451678174214243,
    0.020437104779100695,
    0.010457574800821021,
    0.018608501352739674,
    0.012435665073760673,
    0.004311154600790387,
    0.009434446995516144,
    0.02618757535237819,
    0.016278552066069096,
    0.018081093609132487,
    0.021180575843671428,
    0.005616421071752209,
    0.004113218208498598,
    0.008418803414075091,
    0.05872756973342988,
    0.029110748610992637,
    0.004274345364378177,
    0.003280602925934079,
    0.01731795356475207,
    0.004472552561262427,
    0.012993539278074328,
    0.00565899488603011,
    0.013935338127758884,
    0.014828122595589854,
    0.009060916099175115,
    0.019823116441376697,
    0.027691774617798707,
    0.00888438026241874,
    0.004239132964617706
  ],
  "per_episode_success": [
    1,
    0,
    1,
    0,
    0,
    0,
    0,
    1,
    1,
    1,
    0,
    0,
    0,
    0,
    0,
    1,
    0,
    1,
    0,
    1,
    1,
    0,
    0,
    0,
    0,
    1,
    1,
    0,
    1,
    0,
    1,
    1,
    0,
    0,
    1,
    1,
    0,
    0,
    1,
    1,
    1,
    0,
    0,
    1,
    1,
    1,
    1,
    1,
    0,
    0,
    1,
    1,
    0,
    1,
    1,
    1,
    0,
    1,
    1,
    1,
    1,
    0,
    1,
    1,
    0,
    0,
    1,
    0,
    0,
    0,
    1,
    0,
    1,
    1,
    0,
    1,
    0,
    0,
    1,
    1,
    0,
    1,
    1,
    0,
    1,
    1,
    1,
    0,
    0,
    0,
    1,
    0,
    0,
    1,
    1,
    1,
    1,
    0,
    0,
    1,
    1,
    0,
    0,
    0,
    0,
    0,
    0,
    1,
    0,
    1,
    0,
    1,
    1,
    0,
    0,
    0,
    0,
    0,
    0,
    1,
    0,
    0,
    1,
    0,
    1,
    0,
    0,
    0,
    0,
    0,
    1,
    0,
    1,
    0,
    1,
    0,
    1,
    0,
    1,
    1,
    0,
    0,
    1,
    0,
    1,
    0,
    0,
    0,
    0,
    0,
    1,
    0,
    0,
    1,
    0,
    0,
    0,
    0,
    0,
    0,
    0,
    1,
    1,
    0,
    0,
    0,
    1,
    0,
    0,
    1,
    1,
    1,
    0,
    0,
    0,
    1,
    1,
    0,
    0,
    0,
    0,
    0,
    1,
    1,
    1,
    0,
    0,
    1,
    1,
    0,
    1,
    1,
    1,
    0,
    1,
    0,
    0,
    0,
    1,
    1
  ],
  "auroc_failure": 0.955050505050505,
  "ece": 0.40971399787137885,
  "routing_table": [
    {
      "strategy": "No routing (all autonomous)",
      "autonomous_frac": 1.0,