{
  "policy": "mc_dropout",
  "env": "A",
  "n_episodes": 200,
  "n_seeds": 5,
  "mc_samples": 20,
  "success_rate": 1.0,
  "success_rate_std": 0.0,
  "collision_rate": 0.0,
  "collision_rate_std": 0.0,
  "timeout_rate": 0.0,
  "timeout_rate_std": 0.0,
  "mean_spl": 0.9875376524024976,
  "mean_spl_std": 0.005363769044767627,
  "mean_reward": 95.71164052862302,
  "mean_path_length": 4.402969999999991,
  "mean_steps": 169.345,
  "mean_uncertainty": 0.005358953609800534,
  "std_uncertainty": 0.0038021850526253603,
  "mean_cautious_ratio": 0.0,
  "uncertainty_success_correlation": NaN,
  "uncertainty_calibration": {
    "q0_sr": 1.0,
    "q0_cr": 0.0,
    "q0_timeout": 0.0,
    "q0_mean_unc": 0.003984012382140424,
    "q0_n": 50,
    "q1_sr": 1.0,
    "q1_cr": 0.0,
    "q1_timeout": 0.0,
    "q1_mean_unc": 0.004603349898309024,
    "q1_n": 50,
    "q2_sr": 1.0,
    "q2_cr": 0.0,
    "q2_timeout": 0.0,
    "q2_mean_unc": 0.005416182747737386,
    "q2_n": 50,
    "q3_sr": 1.0,
    "q3_cr": 0.0,
    "q3_timeout": 0.0,
    "q3_mean_unc": 0.007432269411015305,
    "q3_n": 50
  },
  "per_episode_uncertainty": [
    0.003925658045934134,
    0.004359821959709128,
    0.004095113207346078,
    0.004961579170662398,
    0.004298092547668925,
    0.006322457687929273,
    0.005632838180948359,
    0.004112353861273732,
    0.004547339137266013,
    0.005582342734004357,
    0.004995549933630086,
    0.005301558812836709,
    0.0068512224457722894,
    0.004675383479423964,
    0.005523350450300401,
    0.0037581115980477382,
    0.00857875430013733,
    0.004178027426654984,
    0.005430352551988641,
    0.005675787871358183,
    0.00515515725003622,
    0.004704399687742675,
    0.003959032355139599,
    0.004511928288335565,
    0.004574215348181595,
    0.007598319453782997,
    0.0042671020826364455,
    0.006433184333566695,
    0.003965317027989862,
    0.006136938135924414,
    0.005888685382192018,
    0.004512722403186997,
    0.004606997070368379,
    0.0054929879832800906,
    0.005819243843586224,
    0.008222080082773711,
    0.004136666382217537,
    0.006907685217019057,
    0.003906314647368466,
    0.005653124527060964,
    0.005702887411086609,
    0.004283667457486062,
    0.004644846133570271,
    0.004134711846219082,
    0.004557695849681472,
    0.007024156371200526,
    0.003648248356642268,
    0.00485520171544825,
    0.007828095354520346,
    0.006793231657631924,
    0.004687874983037913,
    0.004444703340120272,
    0.004550131577575071,
    0.00407855328371084,
    0.004775579023936933,
    0.004603823573479267,
    0.005329836705683413,
    0.004408089925487668,
    0.007303900440268579,
    0.004426042882802623,
    0.005365180095481708,
    0.0046269214411928175,
    0.004339413362187008,
    0.004126015331712552,
    0.006184031320062567,
    0.0035636291487349406,
    0.007126995598530182,
    0.007651205170035069,
    0.004213320307041469,
    0.004657353806403389,
    0.009180872280558106,
    0.00472321233989552,
    0.005908991479756017,
    0.005510474758921191,
    0.003446138901857748,
    0.006521353481842111,
    0.006026688877081628,
    0.0035924186991831784,
    0.005730111505491314,
    0.004094166293411159,
    0.004292232318306869,
    0.005271155470785435,
    0.006062230611465467,
    0.003916364773805111,
    0.005177644582270363,
    0.007652538006876184,
    0.004896961978596189,
    0.0040370717889927025,
    0.007382560711284089,
    0.007804613626345243,
    0.004457976777806198,
    0.004878395612429549,
    0.007227650397690013,
    0.004475805862462383,
    0.011576910554183393,
    0.0069855364532384855,
    0.004408491844475106,
    0.0043226073653708525,
    0.0038373699145657675,
    0.0068549807761813615,
    0.007640512373242425,
    0.0044497489776450455,
    0.005614192569033152,
    0.005067393319312851,
    0.0067769040334781615,
    0.004156445604607914,
    0.007309922229916114,
    0.005262023401296427,
    0.00432209883803707,
    0.005336825261739168,
    0.006313696641464257,
    0.0036215336048581567,
    0.0037511432091567186,
    0.005001175194909727,
    0.004807619890942319,
    0.008143259924562538,
    0.004080725535986594,
    0.004606207000448349,
    0.004753166667775378,
    0.007542970349245211,
    0.0041275182563651315,
    0.0039148714281733105,
    0.0074597995623105,
    0.012356461780145765,
    0.004203733440058735,
    0.004066927837865318,
    0.004478082005164821,
    0.005468514734748498,
    0.004226592399475233,
    0.009300397599914243,
    0.004250663269241231,
    0.004949954996165645,
    0.004998438548875239,
    0.003959912355227569,
    0.004907464021582063,
    0.004358694564659523,
    0.004189143870339802,
    0.006732336917745884,
    0.0071427756372620076,
    0.0039190765129824895,
    0.0037007752561278766,
    0.0067563552116161755,
    0.005349898501145129,
    0.005933620252548472,
    0.005856347500289581,
    0.007202816896285091,
    0.005495512912647776,
    0.004322200072247234,
    0.003925266482357709,
    0.003914363432121424,
    0.005455937266522673,
    0.006070773796573159,
    0.00498896627823877,
    0.004073512140347607,
    0.005394845405940951,
    0.004925931111084419,
    0.004656529075325897,
    0.00416668697424164,
    0.00583382861851345,
    0.005521902173911943,
    0.004954230267685489,
    0.004927894202219607,
    0.003555659515162309,
    0.004701086772921307,
    0.0042482882199366264,
    0.007403809538235861,
    0.006574021817438982,
    0.0038414396416854616,
    0.00935225509461699,
    0.005074886794318445,
    0.005286139698869396,
    0.005793987712681745,
    0.006462007275071561,
    0.005170798875958092,
    0.004225055459036686,
    0.004523424179244198,
    0.005286809820111613,
    0.00759952312335372,
    0.005203741749791407,
    0.005597817813067284,
    0.004974211060786566,
    0.007165035533576908,
    0.004644586704671383,
    0.004644386224901756,
    0.00341083042773983,
    0.004644526525803413,
    0.004675865331259759,
    0.004842874931546953,
    0.007584364997998158,
    0.0039476512114455815,
    0.007161125923448708,
    0.00515640274671888,
    0.007084176881832227,
    0.005035820842022076,
    0.00404171958385105,
    0.008131760343334855,
    0.006134902599276366,
    0.004113478382350877,
    0.0055593384867421835,
    0.004493123503963057
  ],
  "per_episode_success": [
    1,
    1,
    1,
    1,
    1,
    1,
    1,
    1,
    1,
    1,
    1,
    1,
    1,
    1,
    1,
    1,
    1,
    1,
    1,
    1,
    1,
    1,
    1,
    1,
    1,
    1,
    1,
    1,
    1,
    1,
    1,
    1,
    1,
    1,
    1,
    1,
    1,
    1,
    1,
    1,
    1,
    1,
    1,
    1,
    1,
    1,
    1,
    1,
    1,
    1,
    1,
    1,
    1,
    1,
    1,
    1,
    1,
    1,
    1,
    1,
    1,
    1,
    1,
    1,
    1,
    1,
    1,
    1,
    1,
    1,
    1,
    1,
    1,
    1,
    1,
    1,
    1,
    1,
    1,
    1,
    1,
    1,
    1,
    1,
    1,
    1,
    1,
    1,
    1,
    1,
    1,
    1,
    1,
    1,
    1,
    1,
    1,
    1,
    1,
    1,
    1,
    1,
    1,
    1,
    1,
    1,
    1,
    1,
    1,
    1,
    1,
    1,
    1,
    1,
    1,
    1,
    1,
    1,
    1,
    1,
    1,
    1,
    1,
    1,
    1,
    1,
    1,
    1,
    1,
    1,
    1,
    1,
    1,
    1,
    1,
    1,
    1,
    1,
    1,
    1,
    1,
    1,
    1,
    1,
    1,
    1,
    1,
    1,
    1,
    1,
    1,
    1,
    1,
    1,
    1,
    1,
    1,
    1,
    1,
    1,
    1,
    1,
    1,
    1,
    1,
    1,
    1,
    1,
    1,
    1,
    1,
    1,
    1,
    1,
    1,
    1,
    1,
    1,
    1,
    1,
    1,
    1,
    1,
    1,
    1,
    1,
    1,
    1,
    1,
    1,
    1,
    1,
    1,
    1,
    1,
    1,
    1,
    1,
    1,
    1
  ],
  "auroc_failure": 0.5,
  "ece": 0.4336960991090709,
  "routing_table": [
    {
      "strategy": "No routing (all autonomous)",
      "autonomous_frac": 1.0,
      "autonomous_sr": 1.0,