{
  "policy": "mc_dropout",
  "env": "C",
  "n_episodes": 200,
  "n_seeds": 5,
  "mc_samples": 5,
  "success_rate": 0.9349999999999999,
  "success_rate_std": 0.0254950975679639,
  "collision_rate": 0.065,
  "collision_rate_std": 0.025495097567963924,
  "timeout_rate": 0.0,
  "timeout_rate_std": 0.0,
  "mean_spl": 0.930010643129554,
  "mean_spl_std": 0.024225215200859025,
  "mean_reward": 88.79667332404986,
  "mean_path_length": 4.198219999999992,
  "mean_steps": 161.47,
  "mean_uncertainty": 0.005460669362377494,
  "std_uncertainty": 0.005591773204696422,
  "mean_cautious_ratio": 0.0003816170574618634,
  "uncertainty_success_correlation": -0.654583784032678,
  "uncertainty_calibration": {
    "q0_sr": 1.0,
    "q0_cr": 0.0,
    "q0_timeout": 0.0,
    "q0_mean_unc": 0.003976833892945361,
    "q0_n": 50,
    "q1_sr": 1.0,
    "q1_cr": 0.0,
    "q1_timeout": 0.0,
    "q1_mean_unc": 0.004439743130368535,
    "q1_n": 50,
    "q2_sr": 0.98,
    "q2_cr": 0.02,
    "q2_timeout": 0.0,
    "q2_mean_unc": 0.0051334358756022535,
    "q2_n": 50,
    "q3_sr": 0.76,
    "q3_cr": 0.24,
    "q3_timeout": 0.0,
    "q3_mean_unc": 0.008292664550593827,
    "q3_n": 50
  },
  "per_episode_uncertainty": [
    0.003843578197699724,
    0.0041833471628099994,
    0.0056065513582723644,
    0.00509758660043248,
    0.005055005304031197,
    0.0042906245801967325,
    0.0058872695201929405,
    0.005523636537168294,
    0.004798831764991621,
    0.004897409167005117,
    0.005899385334349155,
    0.005988063643000138,
    0.00920156149626666,
    0.008225240564153214,
    0.003976979353143994,
    0.003920295133737596,
    0.00707617574103391,
    0.005351653148696938,
    0.004559133374765154,
    0.006471449878066778,
    0.006665415629066785,
    0.006344913640343182,
    0.005944181275924677,
    0.004436001384325711,
    0.004101447589885168,
    0.0035158280321102553,
    0.005515197614174864,
    0.006108731001106945,
    0.004663899136853325,
    0.004976755323560223,
    0.0041023229383426955,
    0.004507472108558391,
    0.004923990832940578,
    0.0057861538848374035,
    0.008276993447604278,
    0.004245948144951119,
    0.006504007622782812,
    0.005678714541997105,
    0.004374044734828352,
    0.014650539710339515,
    0.0064595420215453015,
    0.0067495455711208486,
    0.003935689689378817,
    0.003737847720982418,
    0.004668916827660792,
    0.004000417302797913,
    0.006251557604767955,
    0.00511097574964149,
    0.004143731353992951,
    0.004838965046242354,
    0.0043795410522840415,
    0.004686276308169253,
    0.004327237832857746,
    0.006893059978813581,
    0.004109549970746877,
    0.004376185692187088,
    0.03545833492299189,
    0.004668932205702631,
    0.004477621196855077,
    0.004333715697656935,
    0.005271613793849624,
    0.004145544709573532,
    0.004029969866678584,
    0.003770939044665369,
    0.004059064494147194,
    0.0053898769358311895,
    0.008185058435372693,
    0.004085825378405712,
    0.0043860956530408475,
    0.005606582592124127,
    0.003452202164970169,
    0.006781426375817231,
    0.005802837839327389,
    0.004733670365264213,
    0.005128714973509956,
    0.0036625786491309886,
    0.004293036619636261,
    0.004976767283912364,
    0.004077305967574206,
    0.005161636627207582,
    0.0042871401158165855,
    0.0054286460320592525,
    0.004199977367287659,
    0.004573193583497076,
    0.0045056659084289,
    0.006380878262011587,
    0.005276172465905354,
    0.014308837841876518,
    0.004855432127970421,
    0.00405592871985955,
    0.0051297754487278305,
    0.004050026051190436,
    0.00426563640342434,
    0.0050448527708795154,
    0.004989272044775517,
    0.0044795042602559345,
    0.006875035833515113,
    0.004938228990469976,
    0.0062471070578779845,
    0.006342551896581426,
    0.0057086046360096945,
    0.004955228293027253,
    0.004481932428611239,
    0.004997480643845825,
    0.008435981578867427,
    0.005729305874776734,
    0.004333964972075347,
    0.006186600785939863,
    0.00525853979982279,
    0.0045058964602796405,
    0.004070216485706624,
    0.009935351318634319,
    0.004216496376708771,
    0.004349753205730979,
    0.004419937902580827,
    0.014776350771810146,
    0.008285374803419569,
    0.004702527770313002,
    0.004339422353125687,
    0.004556592104134927,
    0.004096007847379873,
    0.009061043623775716,
    0.009852305433953242,
    0.0039335227096065255,
    0.004239903604286875,
    0.0043405551816625846,
    0.004031645234725955,
    0.005360555260940142,
    0.006240036103249583,
    0.0039687943852463005,
    0.006195416532656444,
    0.004616023260909556,
    0.004453971510124619,
    0.006648864452455741,
    0.004259787687551247,
    0.004460008961471255,
    0.004100057334211227,
    0.003825993298828094,
    0.005532463162724214,
    0.008149457108672886,
    0.004154133810920434,
    0.004266941124670111,
    0.005648280370054593,
    0.006097704755288928,
    0.004278276182864744,
    0.004315673025593776,
    0.004266377670499639,
    0.0037558810616729363,
    0.005753110872417991,
    0.00490033758995945,
    0.005523825455312275,
    0.004674312770086024,
    0.004468246068210273,
    0.004066604122587131,
    0.004534928036372224,
    0.006368452090953971,
    0.004356394477096313,
    0.005007753063209082,
    0.00619064348673665,
    0.005140090724388655,
    0.0043542269283602855,
    0.0047055326638773326,
    0.004757000691218612,
    0.005331966831184643,
    0.0063845005507270495,
    0.005854683773768598,
    0.004084102121017894,
    0.004287719817429663,
    0.007348204065717503,
    0.004988018558230077,
    0.004496531213887713,
    0.005298946591853407,
    0.0049815849924925715,
    0.004188880260824048,
    0.0044869982772400945,
    0.003941274629445009,
    0.004253735113858663,
    0.009395610615481727,
    0.0034490206908230903,
    0.003960918984375894,
    0.004541177869437955,
    0.004351648807298304,
    0.004227604554576236,
    0.02165876984005221,
    0.004699091381381118,
    0.005317155712780694,
    0.0039012694516096192,
    0.008319603059647192,
    0.004328180876554042,
    0.005059378044068286,
    0.004785083972837594,
    0.004705832128939753,
    0.0037591887639945973,
    0.004640129539605349,
    0.0038332820479427617,
    0.003848591676236402,
    0.0032145599902792085,
    0.004093940280473841,
    0.004219724805867124,
    0.004681673127961177
  ],
  "per_episode_success": [
    1,
    1,
    1,
    1,
    1,
    1,
    1,
    1,
    1,
    1,
    1,
    1,
    1,
    1,
    1,
    1,
    1,
    1,
    1,
    1,
    1,
    1,
    1,
    1,
    1,
    1,
    1,
    1,
    1,
    1,
    1,
    1,
    1,
    1,
    1,
    1,
    1,
    1,
    1,
    0,
    1,
    1,
    1,
    1,
    1,
    1,
    1,
    1,
    1,
    1,
    1,
    1,
    1,
    0,
    1,
    1,
    0,
    1,
    1,
    1,
    1,
    1,
    1,
    1,
    1,
    1,
    0,
    1,
    1,
    1,
    1,
    1,
    1,
    1,
    1,
    1,
    1,
    1,
    1,
    1,
    1,
    1,
    1,
    1,
    1,
    1,
    1,
    0,
    1,
    1,
    1,
    1,
    1,
    1,
    1,
    1,
    1,
    1,
    1,
    1,
    1,
    1,
    1,
    1,
    1,
    1,
    1,
    1,
    1,
    1,
    1,
    0,
    1,
    1,
    1,
    0,
    0,
    1,
    1,
    1,
    1,
    0,
    0,
    1,
    1,
    1,
    1,
    1,
    1,
    1,
    1,
    1,
    1,
    1,
    1,
    1,
    1,
    1,
    1,
    0,
    1,
    1,
    1,
    1,
    1,
    1,
    1,
    1,
    1,
    1,
    1,
    1,
    1,
    1,
    1,
    1,
    1,
    1,
    1,
    1,
    1,
    1,
    1,
    0,
    1,
    1,
    1,
    1,
    1,
    1,
    1,
    1,
    1,
    1,
    1,
    1,
    1,
    1,
    1,
    1,
    1,
    1,
    1,
    0,
    1,
    1,
    1,
    1,
    1,
    1,
    1,
    1,
    1,
    1,
    1,
    1,
    1,
    1,
    1,
    1
  ],
  "auroc_failure": 0.9683257918552036,
  "ece": 0.1387839367069515,