{
  "policy": "mc_dropout",
  "env": "C",
  "n_episodes": 200,
  "n_seeds": 5,
  "mc_samples": 10,
  "success_rate": 0.885,
  "success_rate_std": 0.03741657386773941,
  "collision_rate": 0.11500000000000002,
  "collision_rate_std": 0.03741657386773941,
  "timeout_rate": 0.0,
  "timeout_rate_std": 0.0,
  "mean_spl": 0.8818316859271043,
  "mean_spl_std": 0.03804718870976104,
  "mean_reward": 83.40097468536091,
  "mean_path_length": 4.096552659569374,
  "mean_steps": 157.56,
  "mean_uncertainty": 0.005493559221225835,
  "std_uncertainty": 0.004529436127635574,
  "mean_cautious_ratio": 0.0,
  "uncertainty_success_correlation": -0.730323746649002,
  "uncertainty_calibration": {
    "q0_sr": 1.0,
    "q0_cr": 0.0,
    "q0_timeout": 0.0,
    "q0_mean_unc": 0.004034345098101206,
    "q0_n": 50,
    "q1_sr": 1.0,
    "q1_cr": 0.0,
    "q1_timeout": 0.0,
    "q1_mean_unc": 0.004512949815282072,
    "q1_n": 50,
    "q2_sr": 0.96,
    "q2_cr": 0.04,
    "q2_timeout": 0.0,
    "q2_mean_unc": 0.005193498813818439,
    "q2_n": 50,
    "q3_sr": 0.58,
    "q3_cr": 0.42,
    "q3_timeout": 0.0,
    "q3_mean_unc": 0.008233443157701623,
    "q3_n": 50
  },
  "per_episode_uncertainty": [
    0.0041629866551632574,
    0.004210344292611505,
    0.005708929486085776,
    0.0058920678826400895,
    0.004890398543501079,
    0.004489622658107385,
    0.009591383382356093,
    0.004680482492617825,
    0.004473618329575402,
    0.004335150589085115,
    0.004692342996578787,
    0.0044881766953039914,
    0.005848319610429645,
    0.007539627795360225,
    0.004490347570806209,
    0.01698443563579912,
    0.0039778122830059414,
    0.004726916440280579,
    0.005427117558914081,
    0.0054752634228755,
    0.005422822425866293,
    0.00575785235141875,
    0.006495746241432621,
    0.015112136320006868,
    0.0049113756119699556,
    0.004201888565260631,
    0.0050113553089200895,
    0.005583523919492323,
    0.004276902292622254,
    0.004157669512987739,
    0.0066201602540060175,
    0.006122528940775535,
    0.004749566697995109,
    0.00492403272197562,
    0.004040682973731526,
    0.004382056142904062,
    0.005899141419626352,
    0.004813301963859225,
    0.0052784721179209146,
    0.006728533476624372,
    0.0057100401595007715,
    0.004476096902956862,
    0.004071391032387813,
    0.004066894461755596,
    0.004290629830650704,
    0.003927496713636767,
    0.005377859495892808,
    0.005101226225584567,
    0.004248310471810992,
    0.004767675644389409,
    0.004446578450302628,
    0.0050809647092122405,
    0.004251839987459946,
    0.006359244612718208,
    0.004102278745668973,
    0.004626303111462919,
    0.004101916344844783,
    0.0036194177381694316,
    0.005287742978861916,
    0.005371117620269403,
    0.005228643900230892,
    0.004769392411819556,
    0.004043059207098821,
    0.003635983951314683,
    0.00580386644012194,
    0.0038703806584383894,
    0.003585123677764369,
    0.006623314358793872,
    0.01484444645385063,
    0.004829004969603072,
    0.00444757259757598,
    0.004332289912444712,
    0.005630969930109866,
    0.004898327191431935,
    0.00402947224655281,
    0.003799006154146442,
    0.004477657767242235,
    0.004569369546719236,
    0.005095451075349438,
    0.00410288739666838,
    0.004482393575841034,
    0.005249695519060591,
    0.004510920006935722,
    0.004643917253390703,
    0.004743892338675123,
    0.006806104347331323,
    0.004913371067175671,
    0.010087345794142622,
    0.005527707130151023,
    0.007094500018111257,
    0.005128178328429679,
    0.004276084657102802,
    0.003752196375417578,
    0.0036623896358327734,
    0.0038834759780792924,
    0.01049653610029696,
    0.0044902701710310315,
    0.006765533897643243,
    0.008683316355441199,
    0.004128446465157057,
    0.009284859963530756,
    0.0051541708343263186,
    0.004915136691001323,
    0.005439890737761743,
    0.0041391652989824,
    0.004089387246078594,
    0.004757075444521273,
    0.006486867898881125,
    0.0050983427755647535,
    0.006223959391196655,
    0.004467478741015143,
    0.004602299304679036,
    0.0062025827646721154,
    0.008352000725738305,
    0.003902954672610023,
    0.003997232703439043,
    0.0064319915194760695,
    0.0045631556677108165,
    0.004079104781284872,
    0.005356301146566989,
    0.0041567185844835495,
    0.008390209810327618,
    0.008731476272916115,
    0.00444214290408935,
    0.005054725419786583,
    0.004116163750290376,
    0.004420054201531686,
    0.004501583703261401,
    0.0046196868629935625,
    0.004135492789126667,
    0.00423081246940158,
    0.004325221179393478,
    0.004353148883794723,
    0.006547963884748662,
    0.0075368917538813675,
    0.004451607515632062,
    0.004501172685360705,
    0.004839414609859715,
    0.00439295647737133,
    0.004095172177688366,
    0.004304209094734328,
    0.004731956720048481,
    0.010475490530047359,
    0.0038619487922331064,
    0.008792517992498522,
    0.0042208502157114625,
    0.004664355818674249,
    0.0053127103290472434,
    0.004100730125467984,
    0.004923673685420346,
    0.00526301730248011,
    0.003774571624633513,
    0.005872431111529911,
    0.004984662181143258,
    0.01123564520206016,
    0.004618558757904205,
    0.004482802007683055,
    0.0038391964859329163,
    0.005710177740354852,
    0.004506426500693823,
    0.0043164548724449765,
    0.0040575584186756586,
    0.00461046420034872,
    0.00465475478076509,
    0.004607703711371869,
    0.0042678627320459454,
    0.005706616550218314,
    0.006025284118528705,
    0.004710308073328868,
    0.004967769751264887,
    0.004194858274422586,
    0.011521629037578468,
    0.005776700670248829,
    0.00534328750991471,
    0.010442962106834684,
    0.004042389046196145,
    0.007659684881483289,
    0.004959818861128664,
    0.004140343110171111,
    0.004049030060003347,
    0.011456280974355542,
    0.004332311758771539,
    0.004687747370114486,
    0.006090558683825416,
    0.007178414690300639,
    0.006122598451178003,
    0.0038184246787451356,
    0.016348814716496105,
    0.004433815365191549,
    0.005254241910104857,
    0.006517665172465898,
    0.006173629715435634,
    0.004368967521259037,
    0.004947221508783851,
    0.004679540703447814,
    0.005765305213804557,
    0.004220948392745353,
    0.007759332688735975,
    0.007427323619517419,
    0.008208100199083652
  ],
  "per_episode_success": [
    1,
    1,
    1,
    1,
    1,
    1,
    0,
    1,
    1,
    1,
    1,
    1,
    1,
    1,
    1,
    0,
    1,
    1,
    1,
    0,
    1,
    1,
    1,
    0,
    1,
    1,
    1,
    1,
    1,
    1,
    1,
    1,
    1,
    1,
    1,
    1,
    1,
    1,
    1,
    1,
    1,
    1,
    1,
    1,
    1,
    1,
    1,
    1,
    1,
    1,
    1,
    1,
    1,
    0,
    1,
    1,
    1,
    1,
    1,
    1,
    1,
    1,
    1,
    1,
    1,
    1,
    1,
    1,
    0,
    1,
    1,
    1,
    1,
    1,
    1,
    1,
    1,
    1,
    1,
    1,
    1,
    1,
    1,
    1,
    1,
    1,
    1,
    0,
    1,
    1,
    1,
    1,
    1,
    1,
    1,
    0,
    1,
    1,
    0,
    1,
    0,
    0,
    1,
    1,
    1,
    1,
    1,
    1,
    1,
    1,
    1,
    1,
    1,
    1,
    1,
    1,
    1,
    1,
    1,
    1,
    1,
    0,
    0,
    1,
    1,
    1,
    1,
    1,
    1,
    1,
    1,
    1,
    1,
    0,
    0,
    1,
    1,
    1,
    1,
    1,
    1,
    1,
    1,
    1,
    0,
    1,
    1,
    1,
    1,
    1,
    1,
    1,
    1,
    1,
    0,
    1,
    1,
    1,
    1,
    1,
    1,
    1,
    1,
    1,
    1,
    1,
    1,
    1,
    1,
    1,
    1,
    0,
    1,
    1,
    0,
    1,
    1,
    1,
    1,
    1,
    0,
    1,
    1,
    1,
    1,
    1,
    1,
    0,
    1,
    1,
    1,
    0,
    1,
    1,
    1,
    1,
    1,
    1,
    0,
    1
  ],
  "auroc_failure": 0.960943257184967,
  "ece": 0.25005950392309434,
  "routing_table": [
    {
      "strategy": "No routing (all autonomous)",