{
  "policy": "mc_dropout",
  "env": "B",
  "n_episodes": 200,
  "n_seeds": 5,
  "mc_samples": 5,
  "success_rate": 0.335,
  "success_rate_std": 0.07681145747868608,
  "collision_rate": 0.665,
  "collision_rate_std": 0.07681145747868606,
  "timeout_rate": 0.0,
  "timeout_rate_std": 0.0,
  "mean_spl": 0.33016096092293334,
  "mean_spl_std": 0.07796599762761226,
  "mean_reward": 23.285353623735954,
  "mean_path_length": 3.4262799999999936,
  "mean_steps": 131.78,
  "mean_uncertainty": 0.014444023107800187,
  "std_uncertainty": 0.01404963814466558,
  "mean_cautious_ratio": 0.007014490684511685,
  "uncertainty_success_correlation": -0.4701529580504224,
  "uncertainty_calibration": {
    "q0_sr": 0.9,
    "q0_cr": 0.1,
    "q0_timeout": 0.0,
    "q0_mean_unc": 0.004459415296610014,
    "q0_n": 50,
    "q1_sr": 0.42,
    "q1_cr": 0.58,
    "q1_timeout": 0.0,
    "q1_mean_unc": 0.007753079072982076,
    "q1_n": 50,
    "q2_sr": 0.0,
    "q2_cr": 1.0,
    "q2_timeout": 0.0,
    "q2_mean_unc": 0.013330880410977082,
    "q2_n": 50,
    "q3_sr": 0.02,
    "q3_cr": 0.98,
    "q3_timeout": 0.0,
    "q3_mean_unc": 0.0322327176506316,
    "q3_n": 50
  },
  "per_episode_uncertainty": [
    0.0055707799900772395,
    0.011218120897365865,
    0.02077735520513921,
    0.023999259880088924,
    0.0058176184689727965,
    0.005385220245516393,
    0.008219725970903568,
    0.03486887365579605,
    0.011166976323057834,
    0.0037888339170927387,
    0.012501034495360452,
    0.015174994497760755,
    0.01816382221314275,
    0.012081529258327995,
    0.014079529451528372,
    0.009974934815954656,
    0.013787022864378258,
    0.0040021794266067445,
    0.005987608206639781,
    0.01787180685041995,
    0.015961199069212083,
    0.005189741830690764,
    0.017602238942621442,
    0.03406325942237994,
    0.013036021021252963,
    0.016830151968360022,
    0.007465919637719968,
    0.013377515631873393,
    0.003985996951219918,
    0.0036493481811264465,
    0.03183780174835452,
    0.0041302411633228914,
    0.005435662909778176,
    0.006712837236312529,
    0.04420204960148443,
    0.03457595846813285,
    0.004434675605886657,
    0.029244190026875786,
    0.007127304917361709,
    0.009941176187740416,
    0.009191474400840009,
    0.007610809888854225,
    0.0038156642112880945,
    0.005749123083660379,
    0.013137531071511466,
    0.006075162857929926,
    0.01295829086961663,
    0.02258130526537762,
    0.004775706497174054,
    0.035433683544397354,
    0.004687128163408488,
    0.006731664636439795,
    0.011356420553888061,
    0.046343589869017404,
    0.005724105249459734,
    0.013199305774437056,
    0.021689890375990024,
    0.005866035298458883,
    0.004197934660662309,
    0.018286793638466022,
    0.01677829824977231,
    0.008883973690143859,
    0.011331005267365865,
    0.03832891105633715,
    0.006457134528089256,
    0.020729435298886923,
    0.010074795500132377,
    0.006341210892335794,
    0.003689472582224088,
    0.003970226031999089,
    0.008101820154308511,
    0.006638176399869147,
    0.015195150427189219,
    0.005335713958155121,
    0.008769710430448564,
    0.009072620634370568,
    0.017414458336473974,
    0.017356415912543714,
    0.006842215436719064,
    0.025327673974527936,
    0.030563418787399616,
    0.004238703295821324,
    0.02468693795937883,
    0.0034324646981466296,
    0.07423781510442495,
    0.0036106670792627658,
    0.010839871742850723,
    0.0059594444845480704,
    0.01054294106048568,
    0.02165040749913225,
    0.005917111411690712,
    0.011984817265293164,
    0.012914366614944363,
    0.02370895869874706,
    0.007449532011332274,
    0.043877936573699115,
    0.022003422139167058,
    0.011515024704767354,
    0.021986326794071562,
    0.01950201219069245,
    0.014725798430195678,
    0.008549525073965813,
    0.015456738386200656,
    0.0041681973659276105,
    0.013061892485052769,
    0.01572399707249727,
    0.014276938442797144,
    0.00668212887513536,
    0.004240315598078242,
    0.006982889757202002,
    0.0197686443139138,
    0.0038429253892059267,
    0.024839334878682468,
    0.011276925325153335,
    0.07143506407737732,
    0.009957313421182334,
    0.01896859979024157,
    0.004384469674460916,
    0.05439496304218968,
    0.0070188219428582565,
    0.028835751116275787,
    0.007649280561599881,
    0.03055132818841484,
    0.005902883512980975,
    0.009100446477532387,
    0.018935032221669493,
    0.008130245873033275,
    0.016690434527308604,
    0.007185893006534619,
    0.008347339613828808,
    0.05843544506320828,
    0.04451017826795578,
    0.012561197360187317,
    0.004709914440770221,
    0.0038578297550176284,
    0.003741046976570197,
    0.00989849679172039,
    0.01810044710687857,
    0.0042737027473446106,
    0.014066826690686866,
    0.005223940693103375,
    0.005221951124183714,
    0.01002948251980528,
    0.0035806410635313094,
    0.02306539937853813,
    0.007453241959459559,
    0.00451727177530099,
    0.005006713625932211,
    0.00501329873675584,
    0.0035612196278309543,
    0.0036066818069020548,
    0.004793871926855953,
    0.0036925952359417673,
    0.01249297714711054,
    0.004408308497874854,
    0.006747885517367933,
    0.00469527899986133,
    0.009272053372912262,
    0.03599002331178239,
    0.014172091636041932,
    0.007925616830314125,
    0.01866516529791651,
    0.004385619441241642,
    0.01015833335216431,
    0.012760026850340115,
    0.02196655236184597,
    0.0047858819474195305,
    0.012618241949461489,
    0.010650683843983245,
    0.005474417495558252,
    0.016612270420459523,
    0.025307849546477787,
    0.04276505040470511,
    0.008877533732319844,
    0.03192475810647011,
    0.02009375159013235,
    0.006000920863529986,
    0.0055487999951491975,
    0.009788533481839818,
    0.031385961920022964,
    0.006852211229447645,
    0.008634617793241765,
    0.006929304373581103,
    0.014827615914068051,
    0.010310574466122623,
    0.01816998985347347,
    0.011168815711352743,
    0.010643198531684711,
    0.012093394035439558,
    0.05955163659527898,
    0.014557694264498176,
    0.0047528038030429706,
    0.011303894532491164,
    0.010656130234845197,
    0.0048511178729765065,
    0.003401408247164193,
    0.006348935617429633,
    0.0044309512339186586,
    0.09343206025660038,
    0.010495430018636398
  ],
  "per_episode_success": [
    1,
    0,
    0,
    0,
    1,
    1,
    0,
    0,
    0,
    1,
    0,
    0,
    0,
    0,
    0,
    0,
    0,
    1,
    1,
    0,
    0,
    1,
    0,
    0,
    0,
    0,
    1,
    0,
    1,
    1,
    0,
    0,
    0,
    0,
    0,
    0,
    1,
    0,
    0,
    1,
    1,
    0,
    0,
    1,
    0,
    1,
    0,
    0,
    1,
    0,
    1,
    0,
    0,
    0,
    1,
    0,
    0,
    1,
    1,
    0,
    0,
    0,
    0,
    0,
    1,
    0,
    0,
    1,
    1,
    1,
    0,
    1,
    0,
    0,
    0,
    1,
    0,
    0,
    0,
    0,
    0,
    1,
    0,
    1,
    0,
    1,
    0,
    1,
    0,
    0,
    0,
    0,
    0,
    0,
    0,
    0,
    0,
    0,
    0,
    0,
    0,
    1,
    0,
    1,
    0,
    0,
    0,
    1,
    1,
    0,
    0,
    1,
    0,
    0,
    0,
    0,
    0,
    1,
    0,
    0,
    0,
    0,
    0,
    1,
    0,
    0,
    0,
    0,
    1,
    0,
    0,
    0,
    0,
    1,
    1,
    1,
    0,
    0,
    1,
    0,
    1,
    1,
    0,
    1,
    0,
    1,
    1,
    1,
    0,
    1,
    1,
    1,
    1,
    0,
    1,
    1,
    1,
    0,
    0,
    0,
    0,
    0,
    1,
    0,
    0,
    0,
    1,
    0,
    0,
    1,
    0,
    0,
    0,
    0,
    0,
    0,
    1,
    1,
    1,
    0,
    0,
    0,
    1,
    0,
    0,
    1,
    0,
    0,
    0,
    0,
    0,
    1,
    0,
    0,
    1,
    1,
    0,
    1,
    0,
    0
  ],
  "auroc_failure": 0.9515205925260913,
  "ece": 0.5104061537100554,
  "routing_table": [
    {
      "strategy": "No routing (all autonomous)",
      "autonomous_frac": 1.0,