{
  "policy": "mc_dropout",
  "env": "B",
  "n_episodes": 200,
  "n_seeds": 5,
  "mc_samples": 5,
  "success_rate": 0.33499999999999996,
  "success_rate_std": 0.06442049363362562,
  "collision_rate": 0.665,
  "collision_rate_std": 0.06442049363362563,
  "timeout_rate": 0.0,
  "timeout_rate_std": 0.0,
  "mean_spl": 0.3286419196124087,
  "mean_spl_std": 0.059945855701285536,
  "mean_reward": 23.1006572669578,
  "mean_path_length": 3.6277294004392546,
  "mean_steps": 139.53,
  "mean_uncertainty": 0.014381401432846577,
  "std_uncertainty": 0.013929140466274359,
  "mean_cautious_ratio": 0.012572701664851709,
  "uncertainty_success_correlation": -0.35305367941306703,
  "uncertainty_calibration": {
    "q0_sr": 0.84,
    "q0_cr": 0.16,
    "q0_timeout": 0.0,
    "q0_mean_unc": 0.004595323125541009,
    "q0_n": 50,
    "q1_sr": 0.42,
    "q1_cr": 0.58,
    "q1_timeout": 0.0,
    "q1_mean_unc": 0.007168398804808066,
    "q1_n": 50,
    "q2_sr": 0.08,
    "q2_cr": 0.92,
    "q2_timeout": 0.0,
    "q2_mean_unc": 0.012073068973354148,
    "q2_n": 50,
    "q3_sr": 0.0,
    "q3_cr": 1.0,
    "q3_timeout": 0.0,
    "q3_mean_unc": 0.033688814827683086,
    "q3_n": 50
  },
  "auroc_failure": 0.9196498709460218,
  "ece": 0.587199407605682,
  "routing_table": [
    {
      "strategy": "No routing (all autonomous)",
      "autonomous_frac": 1.0,
      "autonomous_sr": 0.335,
      "human_burden": 0.0
    },
    {
      "strategy": "Route Q3 to human",
      "autonomous_frac": 0.75,
      "autonomous_sr": 0.44666666666666666,
      "human_burden": 0.25
    },
    {
      "strategy": "Route Q2+Q3 to human",
      "autonomous_frac": 0.5,
      "autonomous_sr": 0.63,
      "human_burden": 0.5
    },
    {
      "strategy": "Only Q0 autonomous",
      "autonomous_frac": 0.25,
      "autonomous_sr": 0.84,
      "human_burden": 0.75
    }
  ]
}