{
  "policy": "mc_dropout",
  "env": "A",
  "n_episodes": 200,
  "n_seeds": 5,
  "mc_samples": 20,
  "success_rate": 0.9949999999999999,
  "success_rate_std": 0.010000000000000009,
  "collision_rate": 0.005,
  "collision_rate_std": 0.01,
  "timeout_rate": 0.0,
  "timeout_rate_std": 0.0,
  "mean_spl": 0.987287055999975,
  "mean_spl_std": 0.008013991703970139,
  "mean_reward": 95.06924523908995,
  "mean_path_length": 4.50943976163744,
  "mean_steps": 173.44,
  "mean_uncertainty": 0.005528207191510703,
  "std_uncertainty": 0.004158114887675272,
  "mean_cautious_ratio": 0.0,
  "uncertainty_success_correlation": -0.6173920239274568,
  "uncertainty_calibration": {
    "q0_sr": 1.0,
    "q0_cr": 0.0,
    "q0_timeout": 0.0,
    "q0_mean_unc": 0.004022385216538727,
    "q0_n": 50,
    "q1_sr": 1.0,
    "q1_cr": 0.0,
    "q1_timeout": 0.0,
    "q1_mean_unc": 0.00465422822420834,
    "q1_n": 50,
    "q2_sr": 1.0,
    "q2_cr": 0.0,
    "q2_timeout": 0.0,
    "q2_mean_unc": 0.005570924511129359,
    "q2_n": 50,
    "q3_sr": 0.98,
    "q3_cr": 0.02,
    "q3_timeout": 0.0,
    "q3_mean_unc": 0.007865290814166388,
    "q3_n": 50
  },
  "auroc_failure": 1.0,
  "ece": 0.24566968665689784,
  "routing_table": [
    {
      "strategy": "No routing (all autonomous)",
      "autonomous_frac": 1.0,
      "autonomous_sr": 0.995,
      "human_burden": 0.0
    },
    {
      "strategy": "Route Q3 to human",
      "autonomous_frac": 0.75,
      "autonomous_sr": 1.0,
      "human_burden": 0.25
    },
    {
      "strategy": "Route Q2+Q3 to human",
      "autonomous_frac": 0.5,
      "autonomous_sr": 1.0,
      "human_burden": 0.5
    },
    {
      "strategy": "Only Q0 autonomous",
      "autonomous_frac": 0.25,
      "autonomous_sr": 1.0,
      "human_burden": 0.75
    }
  ]
}