{
  "policy": "mc_dropout",
  "env": "A",
  "n_episodes": 200,
  "n_seeds": 5,
  "mc_samples": 5,
  "success_rate": 1.0,
  "success_rate_std": 0.0,
  "collision_rate": 0.0,
  "collision_rate_std": 0.0,
  "timeout_rate": 0.0,
  "timeout_rate_std": 0.0,
  "mean_spl": 0.9890303813526872,
  "mean_spl_std": 0.003595652639259547,
  "mean_reward": 95.55566784030506,
  "mean_path_length": 4.56078999999999,
  "mean_steps": 175.415,
  "mean_uncertainty": 0.005184412783033385,
  "std_uncertainty": 0.005205159990508215,
  "mean_cautious_ratio": 0.00013258291375446186,
  "uncertainty_success_correlation": NaN,
  "uncertainty_calibration": {
    "q0_sr": 1.0,
    "q0_cr": 0.0,
    "q0_timeout": 0.0,
    "q0_mean_unc": 0.003884225698833465,
    "q0_n": 50,
    "q1_sr": 1.0,
    "q1_cr": 0.0,
    "q1_timeout": 0.0,
    "q1_mean_unc": 0.0044246553886088755,
    "q1_n": 50,
    "q2_sr": 1.0,
    "q2_cr": 0.0,
    "q2_timeout": 0.0,
    "q2_mean_unc": 0.005248899291493353,
    "q2_n": 50,
    "q3_sr": 1.0,
    "q3_cr": 0.0,
    "q3_timeout": 0.0,
    "q3_mean_unc": 0.007179870753197845,
    "q3_n": 50
  },
  "per_episode_uncertainty": [
    0.0037992760458954947,
    0.004524144695024006,
    0.004001752952276969,
    0.004448511042545422,
    0.004433605467565158,
    0.0061167894065147265,
    0.006536710387773843,
    0.0043628537916135844,
    0.004788234359542985,
    0.009889916685968312,
    0.007200744325393371,
    0.004455196937524612,
    0.004037566765805762,
    0.005659250434104154,
    0.0054268745164154095,
    0.005398830332434918,
    0.005685602601951392,
    0.004855931446005681,
    0.004204707032840815,
    0.006629294360070216,
    0.0054817611583197,
    0.006076230923515367,
    0.006587062847747472,
    0.0036101736329203727,
    0.004067957461722052,
    0.007736440374039363,
    0.006650442647902916,
    0.004498722760320601,
    0.007877507673886916,
    0.004171782007816405,
    0.0045163906232706195,
    0.005876887165504741,
    0.006530160322703572,
    0.004751584889608428,
    0.0036472316676684257,
    0.00407531245114764,
    0.005527787127128941,
    0.004846720805203188,
    0.004374999166565373,
    0.0036329737334373467,
    0.00643749319222538,
    0.004428738053823682,
    0.003663862395881529,
    0.0034237837630956033,
    0.004245872746608147,
    0.00569547842904875,
    0.004993741147137849,
    0.004614622421921736,
    0.00572240863850591,
    0.0046653607683256266,
    0.004283596111764741,
    0.00687382773101936,
    0.005834522181535837,
    0.004247613424849834,
    0.00467322206411521,
    0.003989619561953743,
    0.005344745613590074,
    0.004601537416582121,
    0.007676943034953985,
    0.0043203540365402875,
    0.005298525932012126,
    0.004392448394075752,
    0.006443540103334401,
    0.004823433137750505,
    0.004133324836308522,
    0.006600141449598596,
    0.0033387983482008657,
    0.00455174242120789,
    0.006733911292614274,
    0.004010880286274041,
    0.004801787204840886,
    0.006251525292854484,
    0.004368857950016789,
    0.003650057263335113,
    0.005809470722962898,
    0.003928368415629315,
    0.00448820362384631,
    0.007169085286692072,
    0.003787016755409746,
    0.00463233584003454,
    0.004435636044121874,
    0.005077398827292917,
    0.005642854481350717,
    0.0037646448538578656,
    0.00571187558473817,
    0.008153138489348727,
    0.004998408861204304,
    0.004228026546131968,
    0.006890031077038734,
    0.006261517195364839,
    0.005283553543080005,
    0.004563331942369935,
    0.003507636130505111,
    0.0038697596840385315,
    0.006168821140850093,
    0.006585061299313166,
    0.005487248829953121,
    0.0037124328967568674,
    0.008751022704278253,
    0.00650074097072883,
    0.00441035608471394,
    0.004405158364225842,
    0.006031792601249341,
    0.004267323807956321,
    0.005541567276395654,
    0.005118580179218695,
    0.0051251454858104875,
    0.004549185203484677,
    0.006298766413377153,
    0.004455363390401804,
    0.007283188015074901,
    0.004115974248474741,
    0.005874085319779006,
    0.0040288628294112405,
    0.009749723456871624,
    0.006107210188869326,
    0.004648110373188922,
    0.0042095469321409736,
    0.004407150902184903,
    0.003983123708866113,
    0.004098225302020368,
    0.0037656030784643515,
    0.007103210819637283,
    0.012773679154925048,
    0.004516139247406943,
    0.004564230868538075,
    0.004607678600522986,
    0.005559574222672579,
    0.004192024149517415,
    0.008546821754425765,
    0.004190840533240435,
    0.004035774460342371,
    0.00411139906186011,
    0.005696426271955609,
    0.004551338822915195,
    0.004683860999093042,
    0.004300772531291749,
    0.004841114458994365,
    0.004417946186537544,
    0.006470732153024819,
    0.004731120992801152,
    0.0038907036231723914,
    0.004210478082392871,
    0.003982699077110737,
    0.0064531021874181475,
    0.006186406642882503,
    0.00419183167353119,
    0.004529122942330297,
    0.003169803556463704,
    0.004257064555324429,
    0.003958517863985004,
    0.005974340171827746,
    0.004248694099014356,
    0.0038932287095425028,
    0.006692174354999433,
    0.003611332909750505,
    0.004345811778203706,
    0.005186540893287802,
    0.0064361205590121335,
    0.006660118572501428,
    0.004886577752813537,
    0.004891508227106444,
    0.0033218050119320644,
    0.004202988641870926,
    0.004184498416673342,
    0.007018857585665371,
    0.004741161509416997,
    0.004345263151175248,
    0.00890013389116912,
    0.005145645447475094,
    0.0038999667695755963,
    0.0040968362305014916,
    0.006115359285302313,
    0.004274547370846895,
    0.004768551055317873,
    0.004385393660119595,
    0.007070860074985402,
    0.003817361394855349,
    0.0041479673147058254,
    0.006110170310770413,
    0.005164277861041731,
    0.0037479256749065825,
    0.006075047199116197,
    0.007405947674124036,
    0.006514036921200756,
    0.0049877906316160995,
    0.007782772076918859,
    0.004866231758569484,
    0.00440950522280411,
    0.004411604786331862,
    0.0038391702004678626,
    0.004699191538913345,
    0.003596439295586526,
    0.004107462262066386,
    0.0050466975814990956,
    0.011879205550639583,
    0.005433657608947899,
    0.005983177294775125,
    0.004313706327293703,
    0.0045085739124462836
  ],
  "per_episode_success": [
    1,
    1,
    1,
    1,
    1,
    1,
    1,
    1,
    1,
    1,
    1,
    1,
    1,
    1,
    1,
    1,
    1,
    1,
    1,
    1,
    1,
    1,
    1,
    1,
    1,
    1,
    1,
    1,
    1,
    1,
    1,
    1,
    1,
    1,
    1,
    1,
    1,
    1,
    1,
    1,
    1,
    1,
    1,
    1,
    1,
    1,
    1,
    1,
    1,
    1,
    1,
    1,
    1,
    1,
    1,
    1,
    1,
    1,
    1,
    1,
    1,
    1,
    1,
    1,
    1,
    1,
    1,
    1,
    1,
    1,
    1,
    1,
    1,
    1,
    1,
    1,
    1,
    1,
    1,
    1,
    1,
    1,
    1,
    1,
    1,
    1,
    1,
    1,
    1,
    1,
    1,
    1,
    1,
    1,
    1,
    1,
    1,
    1,
    1,
    1,
    1,
    1,
    1,
    1,
    1,
    1,
    1,
    1,
    1,
    1,
    1,
    1,
    1,
    1,
    1,
    1,
    1,
    1,
    1,
    1,
    1,
    1,
    1,
    1,
    1,
    1,
    1,
    1,
    1,
    1,
    1,
    1,
    1,
    1,
    1,
    1,
    1,
    1,
    1,
    1,
    1,
    1,
    1,
    1,
    1,
    1,
    1,
    1,
    1,
    1,
    1,
    1,
    1,
    1,
    1,
    1,
    1,
    1,
    1,
    1,
    1,
    1,
    1,
    1,
    1,
    1,
    1,
    1,
    1,
    1,
    1,
    1,
    1,
    1,
    1,
    1,
    1,
    1,
    1,
    1,
    1,
    1,
    1,
    1,
    1,
    1,
    1,
    1,
    1,
    1,
    1,
    1,
    1,
    1,
    1,
    1,
    1,
    1,
    1,
    1
  ],
  "auroc_failure": 0.5,
  "ece": 0.4058665214218457,
  "routing_table": [
    {
      "strategy": "No routing (all autonomous)",
      "autonomous_frac": 1.0,
      "autonomous_sr": 1.0,