{
  "policy": "vanilla",
  "env": "A",
  "n_episodes": 200,
  "n_seeds": 5,
  "mc_samples": null,
  "success_rate": 0.9349999999999999,
  "success_rate_std": 0.04062019202317979,
  "collision_rate": 0.065,
  "collision_rate_std": 0.0406201920231798,
  "timeout_rate": 0.0,
  "timeout_rate_std": 0.0,
  "mean_spl": 0.9341310366781066,
  "mean_spl_std": 0.0405020630993977,
  "mean_reward": 88.36107758430316,
  "mean_path_length": 4.476299342501237,
  "mean_steps": 175.885,
  "mean_uncertainty": 0.0,
  "std_uncertainty": 0.0,
  "mean_cautious_ratio": 0.0
}