{
  "policy": "vanilla",
  "env": "A",
  "n_episodes": 200,
  "n_seeds": 5,
  "success_rate": 0.95,
  "success_rate_std": 0.04743416490252569,
  "collision_rate": 0.05,
  "collision_rate_std": 0.047434164902525694,
  "timeout_rate": 0.0,
  "timeout_rate_std": 0.0,
  "mean_spl": 0.9493496306267508,
  "mean_spl_std": 0.04740963094418295,
  "mean_reward": 90.04288643661398,
  "mean_path_length": 4.470059190492048,
  "mean_steps": 175.515,
  "mean_uncertainty": 0.0,
  "std_uncertainty": 0.0,
  "mean_cautious_ratio": 0.0
}