{
  "policy": "vanilla",
  "env": "C",
  "n_episodes": 200,
  "n_seeds": 5,
  "mc_samples": null,
  "success_rate": 0.875,
  "success_rate_std": 0.0447213595499958,
  "collision_rate": 0.125,
  "collision_rate_std": 0.04472135954999579,
  "timeout_rate": 0.0,
  "timeout_rate_std": 0.0,
  "mean_spl": 0.8749880010073079,
  "mean_spl_std": 0.04472948943205805,
  "mean_reward": 82.13779375861665,
  "mean_path_length": 4.139196981203111,
  "mean_steps": 162.525,
  "mean_uncertainty": 0.0,
  "std_uncertainty": 0.0,
  "mean_cautious_ratio": 0.0
}