{
  "policy": "vanilla",
  "env": "B",
  "n_episodes": 200,
  "n_seeds": 5,
  "mc_samples": null,
  "success_rate": 0.37,
  "success_rate_std": 0.055677643628300216,
  "collision_rate": 0.63,
  "collision_rate_std": 0.05567764362830023,
  "timeout_rate": 0.0,
  "timeout_rate_std": 0.0,
  "mean_spl": 0.3699234774263114,
  "mean_spl_std": 0.05554927710849011,
  "mean_reward": 27.400182472339083,
  "mean_path_length": 3.104531073184172,
  "mean_steps": 124.825,
  "mean_uncertainty": 0.0,
  "std_uncertainty": 0.0,
  "mean_cautious_ratio": 0.0
}