{
  "policy": "vanilla",
  "env": "D",
  "n_episodes": 200,
  "n_seeds": 5,
  "mc_samples": null,
  "success_rate": 0.39,
  "success_rate_std": 0.03741657386773943,
  "collision_rate": 0.57,
  "collision_rate_std": 0.05787918451395114,
  "timeout_rate": 0.039999999999999994,
  "timeout_rate_std": 0.025495097567963924,
  "mean_spl": 0.38263244985139666,
  "mean_spl_std": 0.03532295380639363,
  "mean_reward": 27.37546511796963,
  "mean_path_length": 4.0598914951123986,
  "mean_steps": 183.43,
  "mean_uncertainty": 0.0,
  "std_uncertainty": 0.0,
  "mean_cautious_ratio": 0.0
}