{
  "policy": "ensemble",
  "env": "A",
  "n_episodes": 200,
  "n_seeds": 5,
  "mc_samples": null,
  "success_rate": 0.99,
  "success_rate_std": 0.012247448713915901,
  "collision_rate": 0.01,
  "collision_rate_std": 0.012247448713915891,
  "timeout_rate": 0.0,
  "timeout_rate_std": 0.0,
  "mean_spl": 0.9880399475871677,
  "mean_spl_std": 0.012846734633906228,
  "mean_reward": 94.53057781696695,
  "mean_path_length": 4.44538625194601,
  "mean_steps": 173.585,
  "mean_uncertainty": 0.28287032878898555,
  "std_uncertainty": 0.33170959188351523,
  "mean_cautious_ratio": 0.6033575879130955,
  "uncertainty_success_correlation": -0.38817763639514374,
  "uncertainty_calibration": {
    "q0_sr": 1.0,
    "q0_cr": 0.0,
    "q0_timeout": 0.0,
    "q0_mean_unc": 0.14973645874168445,
    "q0_n": 50,
    "q1_sr": 1.0,
    "q1_cr": 0.0,
    "q1_timeout": 0.0,
    "q1_mean_unc": 0.22118219473819054,
    "q1_n": 50,
    "q2_sr": 1.0,
    "q2_cr": 0.0,
    "q2_timeout": 0.0,
    "q2_mean_unc": 0.3006154027540113,
    "q2_n": 50,
    "q3_sr": 0.96,
    "q3_cr": 0.04,
    "q3_timeout": 0.0,
    "q3_mean_unc": 0.4599472589220561,
    "q3_n": 50
  },
  "per_episode_uncertainty": [
    0.18487699072824296,
    0.15659640333405486,
    0.29681910347679386,
    0.2925664311878278,
    0.3804723806679249,
    0.12189271158716652,
    0.3014871538114205,
    0.3747067471397006,
    0.3736888253665034,
    0.30647578178826024,
    0.32461506206225726,
    0.20019028081988116,
    0.5989094635656288,
    0.2859814800424399,
    0.27858265596200743,
    0.2724661469493868,
    0.17421422996383937,
    0.3395389846485594,
    0.14176150718920452,
    0.27521779491561243,
    0.29712168690170687,
    0.3308947913489252,
    0.3950340806999627,
    0.3284293232384578,
    0.3217363588667164,
    0.1965016812706987,
    0.22866485224560248,
    0.1454731354435139,
    0.355082858426189,
    0.5657129565683695,
    0.22095862498810126,
    0.19889559305232504,
    0.2552322967272056,
    0.2746402750473197,
    0.28314445321929865,
    0.8208252822013595,
    0.3845442427172713,
    0.2803760348838203,
    0.31537684814956707,
    0.14368597081592005,
    0.4400329468548298,
    0.3403586692669812,
    0.3449386431397322,
    0.23479876836198707,
    0.28668072840846176,
    0.11531997361232209,
    0.5406027445773574,
    0.12199763068929315,
    0.27865787634383077,
    0.5019351590139781,
    0.1596943240174476,
    0.21518207604772058,
    0.3875197209045291,
    0.275520280324268,
    0.3863943053040072,
    0.17426953810447282,
    0.21401187960095336,
    0.2881443953611017,
    0.2898658293332638,
    0.17262126378137882,
    0.3647035265212539,
    0.11307340321967202,
    0.2089284680507801,
    0.5673444979403117,
    0.22668516764847133,
    0.23117105421037054,
    0.32219159951276866,
    0.1971058134861449,
    0.14729043581922138,
    0.21692468536396822,
    0.3884222285374056,
    0.11242351052351296,
    0.15750040903370432,
    0.250648906916604,
    0.4023337665135446,
    0.43677055595167014,
    0.27423660557717083,
    0.23666151794294515,
    0.40563524789290456,
    0.35040845359107115,
    0.16054491424616776,
    0.22212778252195303,
    0.3528728377247273,
    0.20049242212499943,
    0.2544202932658104,
    0.47675391681718104,
    0.2639874825198975,
    0.39071125810659385,
    1.0192839982716932,
    0.16456252582819084,
    0.1302394136606205,
    0.4067551002996724,
    0.13406630610978162,
    0.21471782229926395,
    0.3170018157473317,
    0.26580224600911606,
    0.25375892517977205,
    0.17021752730750841,
    0.36853397392726445,
    0.17422438635633736,
    0.2995491769185382,
    0.31867071871152697,
    0.22552223588113024,
    0.16115242540836333,
    0.1903340725104014,
    0.7770826083672518,
    0.25115554114354066,
    0.12954652031143027,
    0.15163674230103966,
    0.21019888831636843,
    0.33798594117237657,
    0.19590881190325585,
    0.2453443212203743,
    0.46148763061142883,
    0.6485049639429364,
    0.2818108942239515,
    0.19812576624161418,
    0.1078898169200968,
    0.3810825747433319,
    0.1532515421727278,
    0.1354739145045319,
    0.16760095272745404,
    0.1416647000322965,
    0.13761989197370653,
    0.15559212041623666,
    0.3034332329976081,
    0.1434947152045511,
    0.33532234171453196,
    0.3726405611341935,
    0.19764233488312438,
    0.36637204240507154,
    0.2551692802542094,
    0.21544854457179705,
    0.3375500103665723,
    0.12620791788587624,
    0.22118649990825923,
    0.24204361898814394,
    0.2819368896687903,
    0.1405228166555872,
    0.27648515782278515,
    0.33889566608470123,
    0.17883832477243014,
    0.14922232213384898,
    0.3126935176551342,
    0.5125148545473049,
    0.2663392336683327,
    0.17350015101928107,
    0.2982242179579205,
    0.19075052216649055,
    0.2254815412995716,
    0.1657012974843383,
    0.3238612176584346,
    0.41587872017879746,
    0.3462728410791438,
    0.451783055280391,
    0.19801164675772803,
    0.3602785025264176,
    0.23295296756319764,
    0.3423483831602991,
    0.16274998214889747,
    0.2625735793116055,
    0.28084544660080046,
    0.28384577049280457,
    0.13701607998941215,
    0.18740415652824002,
    0.1786278524268896,
    0.18547616706196987,
    0.39004018835406357,
    0.4066988348591426,
    0.5882771334052086,
    0.31267813053773175,
    0.3068355581235318,
    0.08458480751141906,
    0.21135852862408455,
    0.30098770775482164,
    0.23037041981176587,
    0.23917966339640417,
    0.3750329710155553,
    0.19477258746822676,
    0.3285189455245587,
    0.13238412428785254,
    0.295440647862059,
    0.25320397132750727,
    0.20113711414841917,
    0.5686280246790465,
    0.21310917364366083,
    0.5755698908477613,
    0.19020617545033114,
    0.4655270866574125,
    0.18237795526719797,
    0.13096892757824175,
    0.3234979111252655,
    0.1805803167157703,
    0.2817900599400957,
    0.5531872808433219,
    0.18638578606279274,
    0.22185200824505752,
    0.5168664089551097,
    0.1302082547384083,
    0.21659937069955962
  ],
  "per_episode_success": [
    1,
    1,
    1,
    1,
    1,
    1,
    1,
    1,
    1,
    1,
    1,
    1,
    1,
    1,
    1,
    1,
    1,
    1,
    1,
    1,
    1,
    1,
    1,
    1,
    1,
    1,
    1,
    1,
    1,
    1,
    1,
    1,
    1,
    1,
    1,
    1,
    1,
    1,
    1,
    1,
    1,
    1,
    1,
    1,
    1,
    1,
    1,
    1,
    1,
    1,
    1,
    1,
    1,
    1,
    1,
    1,
    1,
    1,
    1,
    1,
    1,
    1,
    1,
    1,
    1,
    1,
    1,
    1,
    1,
    1,
    1,
    1,
    1,
    1,
    1,
    1,
    1,
    1,
    1,
    1,
    1,
    1,
    1,
    1,
    1,
    1,
    1,
    1,
    0,
    1,
    1,
    1,
    1,
    1,
    1,
    1,
    1,
    1,
    1,
    1,
    1,
    1,
    1,
    1,
    1,
    1,
    1,
    1,
    1,
    1,
    1,
    1,
    1,
    1,
    1,
    1,
    1,
    1,
    1,
    1,
    1,
    1,
    1,
    1,
    1,
    1,
    1,
    1,
    1,
    1,
    1,
    1,
    1,
    1,
    1,
    1,
    1,
    1,
    1,
    1,
    1,
    1,
    1,
    1,
    1,
    1,
    1,
    1,
    1,
    1,
    1,
    1,
    1,
    1,
    1,
    1,
    1,
    1,
    1,
    1,
    1,
    1,
    1,
    1,
    1,
    1,
    1,
    1,
    1,
    0,
    1,
    1,
    1,
    1,
    1,
    1,
    1,
    1,
    1,
    1,
    1,
    1,
    1,
    1,
    1,
    1,
    1,
    1,
    1,
    1,
    1,
    1,
    1,
    1,
    1,
    1,
    1,
    1,
    1,
    1
  ],
  "auroc_failure": 0.9898989898989898,
  "ece": 0.2675186568154081,
  "routing_table": [
    {
      "strategy": "No routing (all autonomous)",
      "autonomous_frac": 1.0,
      "autonomous_sr": 0.99,
      "human_burden": 0.0
    },
    {
      "strategy": "Route Q3 to human",
      "autonomous_frac": 0.75,
      "autonomous_sr": 1.0,
      "human_burden": 0.25
    },
    {
      "strategy": "Route Q2+Q3 to human",
      "autonomous_frac": 0.5,
      "autonomous_sr": 1.0,