{
  "policy": "mc_dropout",
  "env": "A",
  "n_episodes": 200,
  "n_seeds": 5,
  "mc_samples": 20,
  "success_rate": 0.9949999999999999,
  "success_rate_std": 0.010000000000000009,
  "collision_rate": 0.005,
  "collision_rate_std": 0.01,
  "timeout_rate": 0.0,
  "timeout_rate_std": 0.0,
  "mean_spl": 0.9823108552970027,
  "mean_spl_std": 0.009592477994799408,
  "mean_reward": 94.88147209561816,
  "mean_path_length": 4.66816999999999,
  "mean_steps": 179.545,
  "mean_uncertainty": 0.005592173659812245,
  "std_uncertainty": 0.004434266821196571,
  "mean_cautious_ratio": 0.0,
  "uncertainty_success_correlation": -0.4918993963200317,
  "uncertainty_calibration": {
    "q0_sr": 1.0,
    "q0_cr": 0.0,
    "q0_timeout": 0.0,
    "q0_mean_unc": 0.003999410076022764,
    "q0_n": 50,
    "q1_sr": 1.0,
    "q1_cr": 0.0,
    "q1_timeout": 0.0,
    "q1_mean_unc": 0.004698438158483084,
    "q1_n": 50,
    "q2_sr": 1.0,
    "q2_cr": 0.0,
    "q2_timeout": 0.0,
    "q2_mean_unc": 0.005704615611484446,
    "q2_n": 50,
    "q3_sr": 0.98,
    "q3_cr": 0.02,
    "q3_timeout": 0.0,
    "q3_mean_unc": 0.00796623079325869,
    "q3_n": 50
  },
  "per_episode_uncertainty": [
    0.0038590535621439,
    0.004648675341159105,
    0.0040306801278835415,
    0.004621234373189509,
    0.0044884640267819804,
    0.006560706486925483,
    0.005651226626650896,
    0.004172217530140188,
    0.004431180043989238,
    0.005534092803596894,
    0.0050473730412444896,
    0.0054338842370163865,
    0.006742442720435529,
    0.007551218187476778,
    0.0042281058407388624,
    0.003667386005642814,
    0.004521938013806563,
    0.005540085914237732,
    0.004805941915139556,
    0.004096454068762707,
    0.004385390513241017,
    0.004895019852556288,
    0.0053706179450576505,
    0.0043279175805351275,
    0.00414264629598928,
    0.005012556860622551,
    0.004063706735057608,
    0.003535203766342106,
    0.008980548194119038,
    0.009090995682761983,
    0.0045406490044538365,
    0.006354053933228526,
    0.005148119492185933,
    0.0037634383451151557,
    0.004447673037417929,
    0.00748483367546291,
    0.006021301899905461,
    0.004573416970459623,
    0.007328612039864604,
    0.007948513661000517,
    0.005810314380552529,
    0.0038661903161753683,
    0.004189538237377078,
    0.0037661137258900063,
    0.004060500923115077,
    0.005868271504516235,
    0.00488752323056919,
    0.004587019454261445,
    0.007999600887370225,
    0.004618488714098931,
    0.0047510429109490025,
    0.006587188484977474,
    0.006480937315227121,
    0.004033492310247718,
    0.005303784965624961,
    0.004160611789173833,
    0.006592545952812275,
    0.004565726486160546,
    0.007908090052660554,
    0.007010326763615012,
    0.0058885683380441745,
    0.005111065858035489,
    0.0034271605448642126,
    0.005732809323569611,
    0.0057854511232363235,
    0.00695574231158559,
    0.006734206502986066,
    0.01082919525484053,
    0.005647499598230102,
    0.004695455121811603,
    0.011418301598729653,
    0.005001804863827096,
    0.0036787329289321618,
    0.0043004953312369915,
    0.004564671874614366,
    0.003887307015247643,
    0.0054461788145247205,
    0.004216974805364146,
    0.004784602781001013,
    0.004406167873626214,
    0.00433995230738425,
    0.0056005755249201,
    0.0060008813991651744,
    0.0038307043973733585,
    0.005514782131469065,
    0.007935187097119038,
    0.005144765690657431,
    0.004047714961982775,
    0.007424915434668249,
    0.0071492956428612755,
    0.005457760391251768,
    0.005677891186061213,
    0.00461040095982185,
    0.007150424357969314,
    0.004267383946233806,
    0.005130811054966346,
    0.0040678948744886905,
    0.006995427830069757,
    0.00399156902972523,
    0.00400194254973547,
    0.004840539256751606,
    0.005071743516924067,
    0.005826771243669982,
    0.00462565073737678,
    0.006515773786695099,
    0.0045745709883092045,
    0.005256352211619096,
    0.007935858783171032,
    0.003292369001738212,
    0.0049505558357957535,
    0.004368529011636773,
    0.007794181501170746,
    0.003994299305509054,
    0.005383758127419768,
    0.007823142221061584,
    0.005240281810527485,
    0.008486727396761738,
    0.004591759799334866,
    0.007824329554522596,
    0.006088067515009786,
    0.0042501519176287835,
    0.003949714322635507,
    0.008162838034331798,
    0.012456264048814773,
    0.004279876700363671,
    0.004346118435975822,
    0.004514660729110691,
    0.005748336448342586,
    0.004405258728827282,
    0.008683529271035117,
    0.00670767096162308,
    0.005780505168715584,
    0.005121179295449771,
    0.004417065590615585,
    0.007453547288462811,
    0.004499509659401335,
    0.005303740194067359,
    0.007533525035300896,
    0.004000133683840776,
    0.010283114593143442,
    0.007357625615835752,
    0.00619974148827135,
    0.006032858856077142,
    0.006346733697379629,
    0.007926046628929472,
    0.006298617777404748,
    0.006577434282960547,
    0.005341559032595522,
    0.005574296849231276,
    0.005403829585953519,
    0.005553622285921471,
    0.006204568261763312,
    0.006786743557313457,
    0.006503347892557149,
    0.003908826754777692,
    0.005184149734539848,
    0.007013772146761297,
    0.0070650448380262555,
    0.006025216448572032,
    0.004265139335492516,
    0.00489669593389408,
    0.004721579354410934,
    0.0035104767899702557,
    0.0047102348613069275,
    0.004416926062327597,
    0.007608731105435817,
    0.004577026217244566,
    0.0043336450024440455,
    0.0067071809226440056,
    0.005797476105935937,
    0.003569566377243677,
    0.004235796578928252,
    0.018117396877362177,
    0.003925570723608382,
    0.004012200636354907,
    0.004433397683041061,
    0.004913744601852647,
    0.005682766838193251,
    0.004991759711533393,
    0.004044607917671935,
    0.0061116620909378114,
    0.005471278019451901,
    0.010694531749920059,
    0.0058245124260646215,
    0.004140622278100636,
    0.003804987621924249,
    0.00494626646980608,
    0.005725549959710666,
    0.007159661875943406,
    0.004407323223258396,
    0.005407661292323373,
    0.004299812763423214,
    0.0037707711940869514,
    0.0067901983638534525,
    0.007484065193757915,
    0.004014726606520576,
    0.006308874752026348,
    0.00555981563192894,
    0.004646870787482618,
    0.005760025187522512
  ],
  "per_episode_success": [
    1,
    1,
    1,
    1,
    1,
    1,
    1,
    1,
    1,
    1,
    1,
    1,
    1,
    1,
    1,
    1,
    1,
    1,
    1,
    1,
    1,
    1,
    1,
    1,
    1,
    1,
    1,
    1,
    1,
    1,
    1,
    1,
    1,
    1,
    1,
    1,
    1,
    1,
    1,
    1,
    1,
    1,
    1,
    1,
    1,
    1,
    1,
    1,
    1,
    1,
    1,
    1,
    1,
    1,
    1,
    1,
    1,
    1,
    1,
    1,
    1,
    1,
    1,
    1,
    1,
    1,
    1,
    1,
    1,
    1,
    1,
    1,
    1,
    1,
    1,
    1,
    1,
    1,
    1,
    1,
    1,
    1,
    1,
    1,
    1,
    1,
    1,
    1,
    1,
    1,
    1,
    1,
    1,
    1,
    1,
    1,
    1,
    1,
    1,
    1,
    1,
    1,
    1,
    1,
    1,
    1,
    1,
    1,
    1,
    1,
    1,
    1,
    1,
    1,
    1,
    1,
    1,
    1,
    1,
    1,
    1,
    1,
    1,
    1,
    1,
    1,
    1,
    1,
    1,
    1,
    1,
    1,
    1,
    1,
    1,
    1,
    1,
    1,
    1,
    1,
    1,
    1,
    1,
    1,
    1,
    1,
    1,
    1,
    1,
    1,
    1,
    1,
    1,
    1,
    1,
    1,
    1,
    1,
    1,
    1,
    1,
    1,
    1,
    1,
    1,
    1,
    1,
    1,
    1,
    1,
    1,
    1,
    0,
    1,
    1,
    1,
    1,
    1,
    1,
    1,
    1,
    1,
    1,
    1,
    1,
    1,
    1,
    1,
    1,
    1,
    1,
    1,
    1,
    1,
    1,
    1,
    1,
    1,
    1,
    1
  ],
  "auroc_failure": 1.0,
  "ece": 0.30366303316285864,
  "routing_table": [
    {
      "strategy": "No routing (all autonomous)",
      "autonomous_frac": 1.0,